{
  "benchmark": "framework_comparison",
  "config": {
    "qubits": [
      6,
      12,
      16,
      20,
      22,
      24,
      26,
      28
    ],
    "circuits": [
      "ghz",
      "qft",
      "random",
      "qaoa"
    ],
    "backends": [
      "macquerel-metal"
    ],
    "reps": 3,
    "double": false,
    "isolate": true,
    "mem_budget_gib": 57.6
  },
  "results": {
    "ghz": {
      "macquerel-metal": [
        [
          6,
          0.0009828750044107437
        ],
        [
          12,
          0.0013182909460738301
        ],
        [
          16,
          0.001704875030554831
        ],
        [
          20,
          0.0029526660218834877
        ],
        [
          22,
          0.006485332967713475
        ],
        [
          24,
          0.018529249937273562
        ],
        [
          26,
          0.06278012506663799
        ],
        [
          28,
          0.2965192920528352
        ]
      ]
    },
    "qft": {
      "macquerel-metal": [
        [
          6,
          0.001121833105571568
        ],
        [
          12,
          0.0037664580158889294
        ],
        [
          16,
          0.006268415949307382
        ],
        [
          20,
          0.010276000015437603
        ],
        [
          22,
          0.017937500029802322
        ],
        [
          24,
          0.06349850003607571
        ],
        [
          26,
          0.20788304193411022
        ],
        [
          28,
          0.8852834580466151
        ]
      ]
    },
    "random": {
      "macquerel-metal": [
        [
          6,
          0.006392583018168807
        ],
        [
          12,
          0.01326650008559227
        ],
        [
          16,
          0.01813858305104077
        ],
        [
          20,
          0.02775679191108793
        ],
        [
          22,
          0.05790129106026143
        ],
        [
          24,
          0.09908908302895725
        ],
        [
          26,
          0.3206176250241697
        ],
        [
          28,
          1.2715940000489354
        ]
      ]
    },
    "qaoa": {
      "macquerel-metal": [
        [
          6,
          0.0033973330864682794
        ],
        [
          12,
          0.006642124964855611
        ],
        [
          16,
          0.00901233300101012
        ],
        [
          20,
          0.013580541941337287
        ],
        [
          22,
          0.01916058303322643
        ],
        [
          24,
          0.04551887500565499
        ],
        [
          26,
          0.13264287495985627
        ],
        [
          28,
          0.5470130840549245
        ]
      ]
    }
  },
  "step": "step30",
  "commit": "3a745fb"
}