{
  "benchmark": "framework_comparison",
  "config": {
    "qubits": [
      6,
      12,
      16,
      20,
      22
    ],
    "circuits": [
      "ghz",
      "qft",
      "random",
      "qaoa"
    ],
    "backends": [
      "macquerel-cpu"
    ],
    "reps": 3,
    "double": false,
    "isolate": true,
    "mem_budget_gib": 57.6
  },
  "results": {
    "ghz": {
      "macquerel-cpu": [
        [
          6,
          0.00039529206696897745
        ],
        [
          12,
          0.0008113749790936708
        ],
        [
          16,
          0.0015258329221978784
        ],
        [
          20,
          0.009957375004887581
        ],
        [
          22,
          0.04259641608223319
        ]
      ]
    },
    "qft": {
      "macquerel-cpu": [
        [
          6,
          0.000987459090538323
        ],
        [
          12,
          0.003948125056922436
        ],
        [
          16,
          0.009179417043924332
        ],
        [
          20,
          0.05060854204930365
        ],
        [
          22,
          0.19210666697472334
        ]
      ]
    },
    "random": {
      "macquerel-cpu": [
        [
          6,
          0.005868041072972119
        ],
        [
          12,
          0.013138917041942477
        ],
        [
          16,
          0.023632375057786703
        ],
        [
          20,
          0.13313837500754744
        ],
        [
          22,
          0.6920585420448333
        ]
      ]
    },
    "qaoa": {
      "macquerel-cpu": [
        [
          6,
          0.002921125036664307
        ],
        [
          12,
          0.0060802079970017076
        ],
        [
          16,
          0.010117417084984481
        ],
        [
          20,
          0.04908416699618101
        ],
        [
          22,
          0.21127904206514359
        ]
      ]
    }
  },
  "step": "step32-baseline",
  "commit": "56451ac"
}