{
  "benchmark": "framework_comparison",
  "config": {
    "qubits": [
      6,
      12,
      16,
      20,
      22,
      24,
      26,
      28
    ],
    "circuits": [
      "ghz",
      "qft",
      "random",
      "qaoa"
    ],
    "backends": [
      "macquerel-mlx"
    ],
    "reps": 3,
    "double": false,
    "isolate": true,
    "mem_budget_gib": 57.6
  },
  "results": {
    "ghz": {
      "macquerel-mlx": [
        [
          6,
          0.001181375002488494
        ],
        [
          12,
          0.0017704589990898967
        ],
        [
          16,
          0.0024809170281514525
        ],
        [
          20,
          0.006087499903514981
        ],
        [
          22,
          0.02058216603472829
        ],
        [
          24,
          0.084135334007442
        ],
        [
          26,
          0.35725345800165087
        ],
        [
          28,
          1.575328541919589
        ]
      ]
    },
    "qft": {
      "macquerel-mlx": [
        [
          6,
          0.002491416991688311
        ],
        [
          12,
          0.007166541996411979
        ],
        [
          16,
          0.012528249993920326
        ],
        [
          20,
          0.03545337507966906
        ],
        [
          22,
          0.1313439590157941
        ],
        [
          24,
          0.5635741660371423
        ],
        [
          26,
          2.552279833937064
        ],
        [
          28,
          11.70418616605457
        ]
      ]
    },
    "random": {
      "macquerel-mlx": [
        [
          6,
          0.012398875085636973
        ],
        [
          12,
          0.02776979107875377
        ],
        [
          16,
          0.03823249996639788
        ],
        [
          20,
          0.097790666972287
        ],
        [
          22,
          0.3516211669193581
        ],
        [
          24,
          1.4183487918926403
        ],
        [
          26,
          6.021305583999492
        ],
        [
          28,
          39.9924854580313
        ]
      ]
    },
    "qaoa": {
      "macquerel-mlx": [
        [
          6,
          0.005516499979421496
        ],
        [
          12,
          0.010048832977190614
        ],
        [
          16,
          0.014656708110123873
        ],
        [
          20,
          0.024545666994526982
        ],
        [
          22,
          0.05497441708575934
        ],
        [
          24,
          0.19437433395069093
        ],
        [
          26,
          0.7464449580293149
        ],
        [
          28,
          3.1671762079931796
        ]
      ]
    }
  },
  "step": "step20-baseline",
  "commit": "819f8f4"
}