{
  "benchmark": "framework_comparison",
  "config": {
    "qubits": [
      6,
      12,
      16,
      20,
      22,
      24,
      26,
      28
    ],
    "circuits": [
      "ghz",
      "qft",
      "random",
      "qaoa"
    ],
    "backends": [
      "macquerel-metal"
    ],
    "reps": 3,
    "double": false,
    "isolate": true,
    "mem_budget_gib": 57.6
  },
  "results": {
    "ghz": {
      "macquerel-metal": [
        [
          6,
          0.0008710830006748438
        ],
        [
          12,
          0.0008435420459136367
        ],
        [
          16,
          0.001724708010442555
        ],
        [
          20,
          0.0029510839376598597
        ],
        [
          22,
          0.006170292035676539
        ],
        [
          24,
          0.021205457975156605
        ],
        [
          26,
          0.07773987494874746
        ],
        [
          28,
          0.3035374170867726
        ]
      ]
    },
    "qft": {
      "macquerel-metal": [
        [
          6,
          0.001508916961029172
        ],
        [
          12,
          0.003713208017870784
        ],
        [
          16,
          0.006202707998454571
        ],
        [
          20,
          0.009842917090281844
        ],
        [
          22,
          0.01904504105914384
        ],
        [
          24,
          0.06732245907187462
        ],
        [
          26,
          0.22315554204396904
        ],
        [
          28,
          0.9291468750452623
        ]
      ]
    },
    "random": {
      "macquerel-metal": [
        [
          6,
          0.006632999982684851
        ],
        [
          12,
          0.01315799995791167
        ],
        [
          16,
          0.01784845895599574
        ],
        [
          20,
          0.030615582945756614
        ],
        [
          22,
          0.059522958006709814
        ],
        [
          24,
          0.10096008400432765
        ],
        [
          26,
          0.3382648340193555
        ],
        [
          28,
          1.3012898330343887
        ]
      ]
    },
    "qaoa": {
      "macquerel-metal": [
        [
          6,
          0.0029891669983044267
        ],
        [
          12,
          0.006640625069849193
        ],
        [
          16,
          0.008498042006976902
        ],
        [
          20,
          0.012253499939106405
        ],
        [
          22,
          0.018856000038795173
        ],
        [
          24,
          0.04931145894806832
        ],
        [
          26,
          0.1459464579820633
        ],
        [
          28,
          0.5537341249873862
        ]
      ]
    }
  },
  "step": "step32-baseline",
  "commit": "56451ac"
}