{
  "benchmark": "framework_comparison",
  "config": {
    "qubits": [
      6,
      12,
      16,
      20,
      22,
      24,
      26,
      28
    ],
    "circuits": [
      "ghz",
      "qft",
      "random",
      "qaoa"
    ],
    "backends": [
      "macquerel-mlx"
    ],
    "reps": 3,
    "double": false,
    "isolate": true,
    "mem_budget_gib": 57.6
  },
  "results": {
    "ghz": {
      "macquerel-mlx": [
        [
          6,
          0.001339208916760981
        ],
        [
          12,
          0.0018706669798120856
        ],
        [
          16,
          0.002705333987250924
        ],
        [
          20,
          0.0068022089544683695
        ],
        [
          22,
          0.02032987494021654
        ],
        [
          24,
          0.08429541601799428
        ],
        [
          26,
          0.35797858296427876
        ],
        [
          28,
          1.5776280830614269
        ]
      ]
    },
    "qft": {
      "macquerel-mlx": [
        [
          6,
          0.002517541986890137
        ],
        [
          12,
          0.007279417011886835
        ],
        [
          16,
          0.012280542054213583
        ],
        [
          20,
          0.03488716692663729
        ],
        [
          22,
          0.13217550003901124
        ],
        [
          24,
          0.5674237500643358
        ],
        [
          26,
          2.547198083018884
        ],
        [
          28,
          11.689395457971841
        ]
      ]
    },
    "random": {
      "macquerel-mlx": [
        [
          6,
          0.013769333949312568
        ],
        [
          12,
          0.028630124987103045
        ],
        [
          16,
          0.03884737496264279
        ],
        [
          20,
          0.09799612499773502
        ],
        [
          22,
          0.35386941698379815
        ],
        [
          24,
          1.4191675420152023
        ],
        [
          26,
          5.960473041981459
        ],
        [
          28,
          25.597116708988324
        ]
      ]
    },
    "qaoa": {
      "macquerel-mlx": [
        [
          6,
          0.006103749969042838
        ],
        [
          12,
          0.011090332991443574
        ],
        [
          16,
          0.015749708050861955
        ],
        [
          20,
          0.02459687495138496
        ],
        [
          22,
          0.055285749956965446
        ],
        [
          24,
          0.1919190000044182
        ],
        [
          26,
          0.7412440839689225
        ],
        [
          28,
          3.1035703329835087
        ]
      ]
    }
  },
  "step": "step24",
  "commit": "bf78f05"
}