{
  "benchmark": "framework_comparison",
  "config": {
    "qubits": [
      6,
      12,
      16,
      20,
      22,
      24,
      26,
      28
    ],
    "circuits": [
      "ghz",
      "qft",
      "random",
      "qaoa"
    ],
    "backends": [
      "macquerel-metal"
    ],
    "reps": 3,
    "double": false,
    "isolate": true,
    "mem_budget_gib": 57.6
  },
  "results": {
    "ghz": {
      "macquerel-metal": [
        [
          6,
          0.0007874160073697567
        ],
        [
          12,
          0.002002708031795919
        ],
        [
          16,
          0.0025055829901248217
        ],
        [
          20,
          0.0038467920385301113
        ],
        [
          22,
          0.006924125016666949
        ],
        [
          24,
          0.018762917025014758
        ],
        [
          26,
          0.06362624990288168
        ],
        [
          28,
          0.29881837498396635
        ]
      ]
    },
    "qft": {
      "macquerel-metal": [
        [
          6,
          0.0024108339566737413
        ],
        [
          12,
          0.0073328339494764805
        ],
        [
          16,
          0.012797000003047287
        ],
        [
          20,
          0.020857499912381172
        ],
        [
          22,
          0.028203875059261918
        ],
        [
          24,
          0.0634309999877587
        ],
        [
          26,
          0.2077671670122072
        ],
        [
          28,
          0.8755890419706702
        ]
      ]
    },
    "random": {
      "macquerel-metal": [
        [
          6,
          0.010665207984857261
        ],
        [
          12,
          0.023452166933566332
        ],
        [
          16,
          0.031763416016474366
        ],
        [
          20,
          0.04113220807630569
        ],
        [
          22,
          0.049494708073325455
        ],
        [
          24,
          0.09906816692091525
        ],
        [
          26,
          0.32099325000308454
        ],
        [
          28,
          1.2660875829169527
        ]
      ]
    },
    "qaoa": {
      "macquerel-metal": [
        [
          6,
          0.0060265830252319574
        ],
        [
          12,
          0.011652540997602046
        ],
        [
          16,
          0.014902458060532808
        ],
        [
          20,
          0.02040004206355661
        ],
        [
          22,
          0.024903999990783632
        ],
        [
          24,
          0.04612354200799018
        ],
        [
          26,
          0.13599137496203184
        ],
        [
          28,
          0.5492293329443783
        ]
      ]
    }
  },
  "step": "step27",
  "commit": "3a742e8"
}