{
  "benchmark": "framework_comparison",
  "config": {
    "qubits": [
      6,
      12,
      16,
      20,
      22,
      24,
      26,
      28
    ],
    "circuits": [
      "ghz",
      "qft",
      "random",
      "qaoa"
    ],
    "backends": [
      "macquerel-mlx"
    ],
    "reps": 3,
    "double": false,
    "isolate": true,
    "mem_budget_gib": 57.6
  },
  "results": {
    "ghz": {
      "macquerel-mlx": [
        [
          6,
          0.0013372909743338823
        ],
        [
          12,
          0.002027875045314431
        ],
        [
          16,
          0.0027204580837860703
        ],
        [
          20,
          0.00742762500885874
        ],
        [
          22,
          0.020307375001721084
        ],
        [
          24,
          0.08756591705605388
        ],
        [
          26,
          0.35203412489499897
        ],
        [
          28,
          1.4896357499528676
        ]
      ]
    },
    "qft": {
      "macquerel-mlx": [
        [
          6,
          0.0023527919547632337
        ],
        [
          12,
          0.007607583072967827
        ],
        [
          16,
          0.013283499982208014
        ],
        [
          20,
          0.022674792096950114
        ],
        [
          22,
          0.042948042042553425
        ],
        [
          24,
          0.12047954194713384
        ],
        [
          26,
          0.4793639170238748
        ],
        [
          28,
          2.0322832920355722
        ]
      ]
    },
    "random": {
      "macquerel-mlx": [
        [
          6,
          0.010844207950867712
        ],
        [
          12,
          0.02348179102409631
        ],
        [
          16,
          0.03223416698165238
        ],
        [
          20,
          0.043132874998264015
        ],
        [
          22,
          0.062192958081141114
        ],
        [
          24,
          0.12387170793954283
        ],
        [
          26,
          0.5805735000176355
        ],
        [
          28,
          1.6698298749979585
        ]
      ]
    },
    "qaoa": {
      "macquerel-mlx": [
        [
          6,
          0.0056131669552996755
        ],
        [
          12,
          0.011320375022478402
        ],
        [
          16,
          0.01501212501898408
        ],
        [
          20,
          0.020297333947382867
        ],
        [
          22,
          0.02622279094066471
        ],
        [
          24,
          0.042141458950936794
        ],
        [
          26,
          0.1298986249603331
        ],
        [
          28,
          0.48438787506893277
        ]
      ]
    }
  },
  "step": "step33",
  "commit": "4fff625"
}