{
  "benchmark": "density_matrix_runtime",
  "data": {
    "ghz_noise": {
      "metal": {
        "8": 0.001374708954244852,
        "10": 0.0022979999193921685,
        "12": 0.014832666027359664,
        "13": 0.05828025005757809,
        "14": 0.3302517500706017
      },
      "cpu": {
        "8": 0.0017217920394614339,
        "10": 0.020651667029596865,
        "12": 0.3335539170075208,
        "13": 1.3772851671092212
      }
    },
    "random_noise": {
      "metal": {
        "8": 0.001962584094144404,
        "10": 0.003355083055794239,
        "12": 0.02516179089434445,
        "13": 0.09323766606394202,
        "14": 0.4575539589859545
      },
      "cpu": {
        "8": 0.003537458018399775,
        "10": 0.04048670898191631,
        "12": 0.6044882499845698,
        "13": 2.57778870803304
      }
    }
  },
  "step": "step40",
  "commit": "8361126"
}