{
  "benchmark": "framework_comparison",
  "config": {
    "qubits": [
      6,
      12,
      16,
      20,
      22,
      24,
      26,
      28
    ],
    "circuits": [
      "ghz",
      "qft",
      "random",
      "qaoa"
    ],
    "backends": [
      "macquerel-mlx"
    ],
    "reps": 3,
    "double": false,
    "isolate": true,
    "mem_budget_gib": 57.6
  },
  "results": {
    "ghz": {
      "macquerel-mlx": [
        [
          6,
          0.0013877080054953694
        ],
        [
          12,
          0.0020698329899460077
        ],
        [
          16,
          0.002764084027148783
        ],
        [
          20,
          0.006035792059265077
        ],
        [
          22,
          0.020123374997638166
        ],
        [
          24,
          0.08747345802839845
        ],
        [
          26,
          0.36416254204232246
        ],
        [
          28,
          1.5414235829375684
        ]
      ]
    },
    "qft": {
      "macquerel-mlx": [
        [
          6,
          0.0024120829766616225
        ],
        [
          12,
          0.008170082932338119
        ],
        [
          16,
          0.014128957991488278
        ],
        [
          20,
          0.03414270898792893
        ],
        [
          22,
          0.12829341599717736
        ],
        [
          24,
          0.5424580000108108
        ],
        [
          26,
          2.495736208045855
        ],
        [
          28,
          11.381219542003237
        ]
      ]
    },
    "random": {
      "macquerel-mlx": [
        [
          6,
          0.01434570795390755
        ],
        [
          12,
          0.02917479199822992
        ],
        [
          16,
          0.036959500052034855
        ],
        [
          20,
          0.0896599170519039
        ],
        [
          22,
          0.32764012494590133
        ],
        [
          24,
          1.3077402090420946
        ],
        [
          26,
          5.496673792018555
        ],
        [
          28,
          23.41140791703947
        ]
      ]
    },
    "qaoa": {
      "macquerel-mlx": [
        [
          6,
          0.0058350409381091595
        ],
        [
          12,
          0.011068166932091117
        ],
        [
          16,
          0.01536179194226861
        ],
        [
          20,
          0.02358099992852658
        ],
        [
          22,
          0.05244283296633512
        ],
        [
          24,
          0.16690912505146116
        ],
        [
          26,
          0.6549217499559745
        ],
        [
          28,
          2.8231367910047993
        ]
      ]
    }
  },
  "step": "step23",
  "commit": "7bbc216"
}