{
  "benchmark": "framework_comparison",
  "config": {
    "qubits": [
      6,
      12,
      16,
      20,
      22
    ],
    "circuits": [
      "ghz",
      "qft",
      "random",
      "qaoa"
    ],
    "backends": [
      "macquerel-cpu"
    ],
    "reps": 3,
    "double": false,
    "isolate": true,
    "mem_budget_gib": 57.6
  },
  "results": {
    "ghz": {
      "macquerel-cpu": [
        [
          6,
          0.0005239580059424043
        ],
        [
          12,
          0.0011719169560819864
        ],
        [
          16,
          0.0018942909082397819
        ],
        [
          20,
          0.010152332950383425
        ],
        [
          22,
          0.04533166706096381
        ]
      ]
    },
    "qft": {
      "macquerel-cpu": [
        [
          6,
          0.0017765839584171772
        ],
        [
          12,
          0.006727832951582968
        ],
        [
          16,
          0.013061624951660633
        ],
        [
          20,
          0.05288845801260322
        ],
        [
          22,
          0.19759937503840774
        ]
      ]
    },
    "random": {
      "macquerel-cpu": [
        [
          6,
          0.010138124926015735
        ],
        [
          12,
          0.0218347089830786
        ],
        [
          16,
          0.03372533293440938
        ],
        [
          20,
          0.1312807499198243
        ],
        [
          22,
          0.6641661659814417
        ]
      ]
    },
    "qaoa": {
      "macquerel-cpu": [
        [
          6,
          0.005051583983004093
        ],
        [
          12,
          0.010280749993398786
        ],
        [
          16,
          0.014853041036985815
        ],
        [
          20,
          0.04877824999857694
        ],
        [
          22,
          0.2017340420279652
        ]
      ]
    }
  },
  "step": "step27",
  "commit": "3a742e8"
}