{
  "benchmark": "framework_comparison",
  "config": {
    "qubits": [
      6,
      12,
      16,
      20,
      22
    ],
    "circuits": [
      "ghz",
      "qft",
      "random",
      "qaoa"
    ],
    "backends": [
      "macquerel-cpu"
    ],
    "reps": 3,
    "double": false,
    "isolate": true,
    "mem_budget_gib": 57.6
  },
  "results": {
    "ghz": {
      "macquerel-cpu": [
        [
          6,
          0.0004430420231074095
        ],
        [
          12,
          0.000992707908153534
        ],
        [
          16,
          0.0017208330100402236
        ],
        [
          20,
          0.009722374961711466
        ],
        [
          22,
          0.04454416607040912
        ]
      ]
    },
    "qft": {
      "macquerel-cpu": [
        [
          6,
          0.001625166041776538
        ],
        [
          12,
          0.006400124984793365
        ],
        [
          16,
          0.01463333296123892
        ],
        [
          20,
          0.12063379108440131
        ],
        [
          22,
          0.6889179159188643
        ]
      ]
    },
    "random": {
      "macquerel-cpu": [
        [
          6,
          0.010409667040221393
        ],
        [
          12,
          0.023848083917982876
        ],
        [
          16,
          0.04161066701635718
        ],
        [
          20,
          0.297916250070557
        ],
        [
          22,
          1.6415053750388324
        ]
      ]
    },
    "qaoa": {
      "macquerel-cpu": [
        [
          6,
          0.004909417009912431
        ],
        [
          12,
          0.01003362494520843
        ],
        [
          16,
          0.015158541966229677
        ],
        [
          20,
          0.06994537508580834
        ],
        [
          22,
          0.34392112505156547
        ]
      ]
    }
  },
  "step": "step20-baseline",
  "commit": "819f8f4"
}