{
  "benchmark": "density_matrix_runtime",
  "data": {
    "ghz_noise": {
      "metal": {
        "8": 0.0009147499222308397,
        "10": 0.0023068749578669667,
        "12": 0.015203790972009301,
        "13": 0.05905433394946158,
        "14": 0.3404887089272961
      },
      "cpu": {
        "8": 0.0018172910204157233,
        "10": 0.0207614169921726,
        "12": 0.3428439579438418,
        "13": 1.3720549170393497
      }
    },
    "random_noise": {
      "metal": {
        "8": 0.0024382079718634486,
        "10": 0.003116042003966868,
        "12": 0.025272291037254035,
        "13": 0.10176183294970542,
        "14": 0.46738074999302626
      },
      "cpu": {
        "8": 0.003639791044406593,
        "10": 0.04269579204265028,
        "12": 0.5777270409744233,
        "13": 2.621428917045705
      }
    }
  }
}