{
  "benchmark": "framework_comparison",
  "config": {
    "qubits": [
      6,
      12,
      16,
      20,
      22
    ],
    "circuits": [
      "ghz",
      "qft",
      "random",
      "qaoa"
    ],
    "backends": [
      "macquerel-cpu"
    ],
    "reps": 3,
    "double": false,
    "isolate": true,
    "mem_budget_gib": 57.6
  },
  "results": {
    "ghz": {
      "macquerel-cpu": [
        [
          6,
          0.0003375000087544322
        ],
        [
          12,
          0.0007955830078572035
        ],
        [
          16,
          0.0015091249952092767
        ],
        [
          20,
          0.0099738750141114
        ],
        [
          22,
          0.04635504202451557
        ]
      ]
    },
    "qft": {
      "macquerel-cpu": [
        [
          6,
          0.0009880410507321358
        ],
        [
          12,
          0.003997124964371324
        ],
        [
          16,
          0.0090485829859972
        ],
        [
          20,
          0.0501049580052495
        ],
        [
          22,
          0.1908547079656273
        ]
      ]
    },
    "random": {
      "macquerel-cpu": [
        [
          6,
          0.005794958095066249
        ],
        [
          12,
          0.013350666966289282
        ],
        [
          16,
          0.023649250040762126
        ],
        [
          20,
          0.12889245804399252
        ],
        [
          22,
          0.6600929580163211
        ]
      ]
    },
    "qaoa": {
      "macquerel-cpu": [
        [
          6,
          0.0029380409978330135
        ],
        [
          12,
          0.0060997080290690064
        ],
        [
          16,
          0.00986829202156514
        ],
        [
          20,
          0.05078454199247062
        ],
        [
          22,
          0.19866516592446715
        ]
      ]
    }
  },
  "step": "step30",
  "commit": "3a745fb"
}