{
  "benchmark": "framework_comparison",
  "config": {
    "qubits": [
      6,
      12,
      16,
      20,
      22,
      24,
      26,
      28
    ],
    "circuits": [
      "ghz",
      "qft",
      "random",
      "qaoa"
    ],
    "backends": [
      "macquerel-mlx"
    ],
    "reps": 3,
    "double": false,
    "isolate": true,
    "mem_budget_gib": 57.6
  },
  "results": {
    "ghz": {
      "macquerel-mlx": [
        [
          6,
          0.0008942499989643693
        ],
        [
          12,
          0.0016531250439584255
        ],
        [
          16,
          0.0029168339679017663
        ],
        [
          20,
          0.007006208994425833
        ],
        [
          22,
          0.019930292037315667
        ],
        [
          24,
          0.08728704205714166
        ],
        [
          26,
          0.3645899170078337
        ],
        [
          28,
          1.5337112079141662
        ]
      ]
    },
    "qft": {
      "macquerel-mlx": [
        [
          6,
          0.0025325000751763582
        ],
        [
          12,
          0.008210374973714352
        ],
        [
          16,
          0.015062667080201209
        ],
        [
          20,
          0.032607833039946854
        ],
        [
          22,
          0.11696416698396206
        ],
        [
          24,
          0.4724306670250371
        ],
        [
          26,
          2.1261614999966696
        ],
        [
          28,
          9.632391249993816
        ]
      ]
    },
    "random": {
      "macquerel-mlx": [
        [
          6,
          0.014624499948695302
        ],
        [
          12,
          0.030113667016848922
        ],
        [
          16,
          0.03984983405098319
        ],
        [
          20,
          0.0926147080026567
        ],
        [
          22,
          0.33219079195987433
        ],
        [
          24,
          1.314163750037551
        ],
        [
          26,
          5.517968041007407
        ],
        [
          28,
          23.46180154196918
        ]
      ]
    },
    "qaoa": {
      "macquerel-mlx": [
        [
          6,
          0.005857250071130693
        ],
        [
          12,
          0.011617874959483743
        ],
        [
          16,
          0.015915332944132388
        ],
        [
          20,
          0.023109667003154755
        ],
        [
          22,
          0.04997720802202821
        ],
        [
          24,
          0.15008779207710177
        ],
        [
          26,
          0.5452781250933185
        ],
        [
          28,
          2.3725194999715313
        ]
      ]
    }
  },
  "step": "step26",
  "commit": "14cdf74"
}