{
  "benchmark": "framework_comparison",
  "config": {
    "qubits": [
      6,
      12,
      16,
      20,
      22,
      24,
      26,
      28
    ],
    "circuits": [
      "ghz",
      "qft",
      "random",
      "qaoa"
    ],
    "backends": [
      "macquerel-mlx"
    ],
    "reps": 3,
    "double": false,
    "isolate": true,
    "mem_budget_gib": 57.6
  },
  "results": {
    "ghz": {
      "macquerel-mlx": [
        [
          6,
          0.0013007500674575567
        ],
        [
          12,
          0.0020063340198248625
        ],
        [
          16,
          0.0027195829898118973
        ],
        [
          20,
          0.00646108400542289
        ],
        [
          22,
          0.01973429205827415
        ],
        [
          24,
          0.08777924999594688
        ],
        [
          26,
          0.3670482080196962
        ],
        [
          28,
          1.5587680410826579
        ]
      ]
    },
    "qft": {
      "macquerel-mlx": [
        [
          6,
          0.0023462920216843486
        ],
        [
          12,
          0.007415583007968962
        ],
        [
          16,
          0.01317687495611608
        ],
        [
          20,
          0.033004332915879786
        ],
        [
          22,
          0.10869679099414498
        ],
        [
          24,
          0.4399419170804322
        ],
        [
          26,
          1.9734027499798685
        ],
        [
          28,
          9.081338249961846
        ]
      ]
    },
    "random": {
      "macquerel-mlx": [
        [
          6,
          0.010376750025898218
        ],
        [
          12,
          0.02230108401272446
        ],
        [
          16,
          0.030619083903729916
        ],
        [
          20,
          0.04317170800641179
        ],
        [
          22,
          0.07263837498612702
        ],
        [
          24,
          0.17206895805429667
        ],
        [
          26,
          0.8114826249657199
        ],
        [
          28,
          2.707168958033435
        ]
      ]
    },
    "qaoa": {
      "macquerel-mlx": [
        [
          6,
          0.005766124930232763
        ],
        [
          12,
          0.01078470901120454
        ],
        [
          16,
          0.014373125042766333
        ],
        [
          20,
          0.020355000044219196
        ],
        [
          22,
          0.027960916981101036
        ],
        [
          24,
          0.055362834013067186
        ],
        [
          26,
          0.24386295804288238
        ],
        [
          28,
          1.3784933330025524
        ]
      ]
    }
  },
  "step": "step32-baseline",
  "commit": "56451ac"
}