{
  "benchmark": "framework_comparison",
  "config": {
    "qubits": [
      6,
      12,
      16,
      20,
      22,
      24
    ],
    "circuits": [
      "ghz",
      "qft",
      "random",
      "qaoa"
    ],
    "backends": [
      "macquerel-cpu"
    ],
    "reps": 3,
    "double": false,
    "isolate": true,
    "mem_budget_gib": 57.6
  },
  "results": {
    "ghz": {
      "macquerel-cpu": [
        [
          6,
          0.00032525009009987116
        ],
        [
          12,
          0.0007876669988036156
        ],
        [
          16,
          0.0014573330990970135
        ],
        [
          20,
          0.008300165995024145
        ],
        [
          22,
          0.031851000036112964
        ],
        [
          24,
          0.13955116702709347
        ]
      ]
    },
    "qft": {
      "macquerel-cpu": [
        [
          6,
          0.0010121669620275497
        ],
        [
          12,
          0.004250209080055356
        ],
        [
          16,
          0.00958612491376698
        ],
        [
          20,
          0.04886141698807478
        ],
        [
          22,
          0.16027637501247227
        ],
        [
          24,
          0.6892694169655442
        ]
      ]
    },
    "random": {
      "macquerel-cpu": [
        [
          6,
          0.006197957904078066
        ],
        [
          12,
          0.0135571249993518
        ],
        [
          16,
          0.023397167096845806
        ],
        [
          20,
          0.10989579197485
        ],
        [
          22,
          0.42923174996394664
        ],
        [
          24,
          1.8867601250531152
        ]
      ]
    },
    "qaoa": {
      "macquerel-cpu": [
        [
          6,
          0.003223499981686473
        ],
        [
          12,
          0.006394832977093756
        ],
        [
          16,
          0.01006933394819498
        ],
        [
          20,
          0.04123179102316499
        ],
        [
          22,
          0.1439911249326542
        ],
        [
          24,
          0.5549072499852628
        ]
      ]
    }
  },
  "step": "step39",
  "commit": "bb230f0"
}