{
  "benchmark": "framework_comparison",
  "config": {
    "qubits": [
      6,
      12,
      16,
      20,
      22,
      24,
      26,
      28
    ],
    "circuits": [
      "ghz",
      "qft",
      "random",
      "qaoa"
    ],
    "backends": [
      "macquerel-metal"
    ],
    "reps": 3,
    "double": false,
    "isolate": true,
    "mem_budget_gib": 57.6
  },
  "results": {
    "ghz": {
      "macquerel-metal": [
        [
          6,
          0.0013210419565439224
        ],
        [
          12,
          0.0020508330781012774
        ],
        [
          16,
          0.0026415829779580235
        ],
        [
          20,
          0.003968750010244548
        ],
        [
          22,
          0.008827083045616746
        ],
        [
          24,
          0.030057332944124937
        ],
        [
          26,
          0.11814624990802258
        ],
        [
          28,
          0.4925712920958176
        ]
      ]
    },
    "qft": {
      "macquerel-metal": [
        [
          6,
          0.0025551669532433152
        ],
        [
          12,
          0.006731792003847659
        ],
        [
          16,
          0.011735291918739676
        ],
        [
          20,
          0.021134707960300148
        ],
        [
          22,
          0.038852499914355576
        ],
        [
          24,
          0.12144358293153346
        ],
        [
          26,
          0.48098433297127485
        ],
        [
          28,
          2.0605845419922844
        ]
      ]
    },
    "random": {
      "macquerel-metal": [
        [
          6,
          0.012135625001974404
        ],
        [
          12,
          0.026239207945764065
        ],
        [
          16,
          0.03646099998150021
        ],
        [
          20,
          0.06417575001250952
        ],
        [
          22,
          0.14106075000017881
        ],
        [
          24,
          0.46941441704984754
        ],
        [
          26,
          1.8518237499520183
        ],
        [
          28,
          7.767100666998886
        ]
      ]
    },
    "qaoa": {
      "macquerel-metal": [
        [
          6,
          0.006243458949029446
        ],
        [
          12,
          0.011608875007368624
        ],
        [
          16,
          0.015234249993227422
        ],
        [
          20,
          0.021226166980341077
        ],
        [
          22,
          0.03404929209500551
        ],
        [
          24,
          0.08827499998733401
        ],
        [
          26,
          0.3196314999368042
        ],
        [
          28,
          1.3276333750691265
        ]
      ]
    }
  },
  "step": "step22",
  "commit": "58cc612"
}