{
  "benchmark": "framework_comparison",
  "config": {
    "qubits": [
      6,
      12,
      16,
      20,
      22,
      24,
      26,
      28
    ],
    "circuits": [
      "ghz",
      "qft",
      "random",
      "qaoa"
    ],
    "backends": [
      "macquerel-mlx"
    ],
    "reps": 3,
    "double": false,
    "isolate": true,
    "mem_budget_gib": 57.6
  },
  "results": {
    "ghz": {
      "macquerel-mlx": [
        [
          6,
          0.0013427500380203128
        ],
        [
          12,
          0.001920292037539184
        ],
        [
          16,
          0.002898207982070744
        ],
        [
          20,
          0.008060417021624744
        ],
        [
          22,
          0.02009191596880555
        ],
        [
          24,
          0.0884417500346899
        ],
        [
          26,
          0.3574522079434246
        ],
        [
          28,
          1.5505667920224369
        ]
      ]
    },
    "qft": {
      "macquerel-mlx": [
        [
          6,
          0.002545999945141375
        ],
        [
          12,
          0.0073822500417009
        ],
        [
          16,
          0.013291083043441176
        ],
        [
          20,
          0.02263837493956089
        ],
        [
          22,
          0.04358554200734943
        ],
        [
          24,
          0.13735520897898823
        ],
        [
          26,
          0.5276920000324026
        ],
        [
          28,
          2.115943582961336
        ]
      ]
    },
    "random": {
      "macquerel-mlx": [
        [
          6,
          0.010488083004020154
        ],
        [
          12,
          0.023349834023974836
        ],
        [
          16,
          0.032035832991823554
        ],
        [
          20,
          0.04370991699397564
        ],
        [
          22,
          0.07217383303213865
        ],
        [
          24,
          0.17165687505621463
        ],
        [
          26,
          0.8023890829645097
        ],
        [
          28,
          2.6848422919865698
        ]
      ]
    },
    "qaoa": {
      "macquerel-mlx": [
        [
          6,
          0.005872874986380339
        ],
        [
          12,
          0.010998833924531937
        ],
        [
          16,
          0.015100750024430454
        ],
        [
          20,
          0.0204034160124138
        ],
        [
          22,
          0.02757179189939052
        ],
        [
          24,
          0.05473737500142306
        ],
        [
          26,
          0.20388583303429186
        ],
        [
          28,
          0.5742926249513403
        ]
      ]
    }
  },
  "step": "step32",
  "commit": "fef6417"
}