{
  "benchmark": "framework_comparison",
  "config": {
    "qubits": [
      6,
      12,
      16,
      20,
      22,
      24,
      26,
      28
    ],
    "circuits": [
      "ghz",
      "qft",
      "random",
      "qaoa"
    ],
    "backends": [
      "macquerel-metal"
    ],
    "reps": 3,
    "double": false,
    "isolate": true,
    "mem_budget_gib": 57.6
  },
  "results": {
    "ghz": {
      "macquerel-metal": [
        [
          6,
          0.0011457500513643026
        ],
        [
          12,
          0.001984124886803329
        ],
        [
          16,
          0.002308666007593274
        ],
        [
          20,
          0.003536124946549535
        ],
        [
          22,
          0.007119833026081324
        ],
        [
          24,
          0.018582000047899783
        ],
        [
          26,
          0.07486100005917251
        ],
        [
          28,
          0.2887878749752417
        ]
      ]
    },
    "qft": {
      "macquerel-metal": [
        [
          6,
          0.0026058750227093697
        ],
        [
          12,
          0.007568957982584834
        ],
        [
          16,
          0.011793583980761468
        ],
        [
          20,
          0.019029458984732628
        ],
        [
          22,
          0.030944583006203175
        ],
        [
          24,
          0.08539066696539521
        ],
        [
          26,
          0.327372333034873
        ],
        [
          28,
          1.3933163329493254
        ]
      ]
    },
    "random": {
      "macquerel-metal": [
        [
          6,
          0.013362708035856485
        ],
        [
          12,
          0.025239125010557473
        ],
        [
          16,
          0.04038116708397865
        ],
        [
          20,
          0.04577895789407194
        ],
        [
          22,
          0.06442016595974565
        ],
        [
          24,
          0.17233075003605336
        ],
        [
          26,
          0.6100593750597909
        ],
        [
          28,
          2.482063208008185
        ]
      ]
    },
    "qaoa": {
      "macquerel-metal": [
        [
          6,
          0.006056874990463257
        ],
        [
          12,
          0.011138624977320433
        ],
        [
          16,
          0.014812499983236194
        ],
        [
          20,
          0.019335458986461163
        ],
        [
          22,
          0.02594920899719
        ],
        [
          24,
          0.05570341704878956
        ],
        [
          26,
          0.18320587498601526
        ],
        [
          28,
          0.7153299580095336
        ]
      ]
    }
  },
  "step": "step25",
  "commit": "bc346fb"
}