{
  "benchmark": "framework_comparison",
  "config": {
    "qubits": [
      6,
      12,
      16,
      20,
      22,
      24
    ],
    "circuits": [
      "ghz",
      "qft",
      "random",
      "qaoa"
    ],
    "backends": [
      "macquerel-cpu"
    ],
    "reps": 3,
    "double": false,
    "isolate": true,
    "mem_budget_gib": 57.6
  },
  "results": {
    "ghz": {
      "macquerel-cpu": [
        [
          6,
          0.00034304207656532526
        ],
        [
          12,
          0.0007907089311629534
        ],
        [
          16,
          0.0015498329885303974
        ],
        [
          20,
          0.008612417033873498
        ],
        [
          22,
          0.042513416963629425
        ],
        [
          24,
          0.1866522500058636
        ]
      ]
    },
    "qft": {
      "macquerel-cpu": [
        [
          6,
          0.001009457977488637
        ],
        [
          12,
          0.00441354198846966
        ],
        [
          16,
          0.009407042060047388
        ],
        [
          20,
          0.04959779197815806
        ],
        [
          22,
          0.1956943750847131
        ],
        [
          24,
          0.9006948750466108
        ]
      ]
    },
    "random": {
      "macquerel-cpu": [
        [
          6,
          0.006376667064614594
        ],
        [
          12,
          0.014044667012058198
        ],
        [
          16,
          0.02442687493748963
        ],
        [
          20,
          0.11506729200482368
        ],
        [
          22,
          0.603759124991484
        ],
        [
          24,
          3.215407666983083
        ]
      ]
    },
    "qaoa": {
      "macquerel-cpu": [
        [
          6,
          0.003122291062027216
        ],
        [
          12,
          0.006521958974190056
        ],
        [
          16,
          0.01041520806029439
        ],
        [
          20,
          0.053056125063449144
        ],
        [
          22,
          0.2147402500268072
        ],
        [
          24,
          0.7506525840144604
        ]
      ]
    }
  }
}