{
  "benchmark": "framework_comparison",
  "config": {
    "qubits": [
      6,
      12,
      16,
      20,
      22,
      24,
      26,
      28
    ],
    "circuits": [
      "ghz",
      "qft",
      "random",
      "qaoa"
    ],
    "backends": [
      "macquerel-metal"
    ],
    "reps": 3,
    "double": false,
    "isolate": true,
    "mem_budget_gib": 57.6
  },
  "results": {
    "ghz": {
      "macquerel-metal": [
        [
          6,
          0.0009747910080477595
        ],
        [
          12,
          0.0013532500015571713
        ],
        [
          16,
          0.0016712499782443047
        ],
        [
          20,
          0.002705999999307096
        ],
        [
          22,
          0.005631375010125339
        ],
        [
          24,
          0.01329129096120596
        ],
        [
          26,
          0.04423762497026473
        ],
        [
          28,
          0.2905770419165492
        ]
      ]
    },
    "qft": {
      "macquerel-metal": [
        [
          6,
          0.0014207500498741865
        ],
        [
          12,
          0.003563000005669892
        ],
        [
          16,
          0.005572292022407055
        ],
        [
          20,
          0.009225625079125166
        ],
        [
          22,
          0.016383167007006705
        ],
        [
          24,
          0.05891733302269131
        ],
        [
          26,
          0.18826383305713534
        ],
        [
          28,
          0.871965124970302
        ]
      ]
    },
    "random": {
      "macquerel-metal": [
        [
          6,
          0.00633095798548311
        ],
        [
          12,
          0.01281237497460097
        ],
        [
          16,
          0.017898958059959114
        ],
        [
          20,
          0.026845499989576638
        ],
        [
          22,
          0.05552441603504121
        ],
        [
          24,
          0.09254308405797929
        ],
        [
          26,
          0.30032162507995963
        ],
        [
          28,
          1.2762770840199664
        ]
      ]
    },
    "qaoa": {
      "macquerel-metal": [
        [
          6,
          0.003485916997306049
        ],
        [
          12,
          0.006716500036418438
        ],
        [
          16,
          0.009256124962121248
        ],
        [
          20,
          0.012722708052024245
        ],
        [
          22,
          0.017218374996446073
        ],
        [
          24,
          0.04060349997598678
        ],
        [
          26,
          0.11371054209303111
        ],
        [
          28,
          0.5413901669671759
        ]
      ]
    }
  },
  "step": "step34",
  "commit": "4e05d01"
}