{
  "benchmark": "framework_comparison",
  "config": {
    "qubits": [
      6,
      12,
      16,
      20,
      22,
      24,
      26,
      28
    ],
    "circuits": [
      "ghz",
      "qft",
      "random",
      "qaoa"
    ],
    "backends": [
      "macquerel-mlx"
    ],
    "reps": 3,
    "double": false,
    "isolate": true,
    "mem_budget_gib": 57.6
  },
  "results": {
    "ghz": {
      "macquerel-mlx": [
        [
          6,
          0.0014320829650387168
        ],
        [
          12,
          0.002047457965090871
        ],
        [
          16,
          0.0025672500487416983
        ],
        [
          20,
          0.007180375047028065
        ],
        [
          22,
          0.020349083002656698
        ],
        [
          24,
          0.08660804096143693
        ],
        [
          26,
          0.3560694589978084
        ],
        [
          28,
          1.5320749169914052
        ]
      ]
    },
    "qft": {
      "macquerel-mlx": [
        [
          6,
          0.0024452920770272613
        ],
        [
          12,
          0.0074877499137073755
        ],
        [
          16,
          0.014517499948851764
        ],
        [
          20,
          0.03297604201361537
        ],
        [
          22,
          0.1073814999544993
        ],
        [
          24,
          0.43669212504755706
        ],
        [
          26,
          1.952617458999157
        ],
        [
          28,
          9.039828874985687
        ]
      ]
    },
    "random": {
      "macquerel-mlx": [
        [
          6,
          0.011092083994299173
        ],
        [
          12,
          0.023046541959047318
        ],
        [
          16,
          0.03156704199500382
        ],
        [
          20,
          0.04619795794133097
        ],
        [
          22,
          0.07233412505593151
        ],
        [
          24,
          0.17102508305106312
        ],
        [
          26,
          0.8047565000597388
        ],
        [
          28,
          2.7461154588963836
        ]
      ]
    },
    "qaoa": {
      "macquerel-mlx": [
        [
          6,
          0.00579974998254329
        ],
        [
          12,
          0.011803500005044043
        ],
        [
          16,
          0.01528466702438891
        ],
        [
          20,
          0.020228083012625575
        ],
        [
          22,
          0.027057665982283652
        ],
        [
          24,
          0.0549242909764871
        ],
        [
          26,
          0.2453983750892803
        ],
        [
          28,
          1.377329958952032
        ]
      ]
    }
  },
  "step": "step27",
  "commit": "3a742e8"
}