{
  "benchmark": "framework_comparison",
  "config": {
    "qubits": [
      24,
      26,
      28
    ],
    "circuits": [
      "ghz",
      "qft",
      "random",
      "qaoa"
    ],
    "backends": [
      "macquerel-mlx"
    ],
    "reps": 3,
    "double": false,
    "isolate": true,
    "mem_budget_gib": 57.6
  },
  "results": {
    "ghz": {
      "macquerel-mlx": [
        [
          24,
          0.013522500055842102
        ],
        [
          26,
          0.04806412500329316
        ],
        [
          28,
          0.19187737500760704
        ]
      ]
    },
    "qft": {
      "macquerel-mlx": [
        [
          24,
          0.058830541907809675
        ],
        [
          26,
          0.20832016691565514
        ],
        [
          28,
          0.7668421660782769
        ]
      ]
    },
    "random": {
      "macquerel-mlx": [
        [
          24,
          0.10471562505699694
        ],
        [
          26,
          0.3209122089901939
        ],
        [
          28,
          1.1559277499327436
        ]
      ]
    },
    "qaoa": {
      "macquerel-mlx": [
        [
          24,
          0.0417387499473989
        ],
        [
          26,
          0.12115770799573511
        ],
        [
          28,
          0.43635120801627636
        ]
      ]
    }
  },
  "step": "step36",
  "commit": "3decb13"
}