{
  "benchmark": "framework_comparison",
  "config": {
    "qubits": [
      6,
      12,
      16,
      20,
      22,
      24,
      26,
      28
    ],
    "circuits": [
      "ghz",
      "qft",
      "random",
      "qaoa"
    ],
    "backends": [
      "macquerel-mlx"
    ],
    "reps": 3,
    "double": false,
    "isolate": true,
    "mem_budget_gib": 57.6
  },
  "results": {
    "ghz": {
      "macquerel-mlx": [
        [
          6,
          0.0008399999933317304
        ],
        [
          12,
          0.0021038330160081387
        ],
        [
          16,
          0.002884750021621585
        ],
        [
          20,
          0.007323749945499003
        ],
        [
          22,
          0.02031854202505201
        ],
        [
          24,
          0.08619329193606973
        ],
        [
          26,
          0.3545357499970123
        ],
        [
          28,
          1.5327026250306517
        ]
      ]
    },
    "qft": {
      "macquerel-mlx": [
        [
          6,
          0.002424582955427468
        ],
        [
          12,
          0.007604666985571384
        ],
        [
          16,
          0.014355540974065661
        ],
        [
          20,
          0.03313612495549023
        ],
        [
          22,
          0.10726275003980845
        ],
        [
          24,
          0.43454391707200557
        ],
        [
          26,
          1.952541708946228
        ],
        [
          28,
          8.998406333033927
        ]
      ]
    },
    "random": {
      "macquerel-mlx": [
        [
          6,
          0.010152708040550351
        ],
        [
          12,
          0.022820582962594926
        ],
        [
          16,
          0.032122042030096054
        ],
        [
          20,
          0.044072166085243225
        ],
        [
          22,
          0.07222279196139425
        ],
        [
          24,
          0.1720281250309199
        ],
        [
          26,
          0.8048930830555037
        ],
        [
          28,
          2.7179087080294266
        ]
      ]
    },
    "qaoa": {
      "macquerel-mlx": [
        [
          6,
          0.006158582982607186
        ],
        [
          12,
          0.01120941701810807
        ],
        [
          16,
          0.015330999973230064
        ],
        [
          20,
          0.020178957958705723
        ],
        [
          22,
          0.02792508399579674
        ],
        [
          24,
          0.05604729102924466
        ],
        [
          26,
          0.24561233294662088
        ],
        [
          28,
          1.3792500420240685
        ]
      ]
    }
  },
  "step": "step30",
  "commit": "3a745fb"
}