{
  "benchmark": "framework_comparison",
  "config": {
    "qubits": [
      24,
      26,
      28
    ],
    "circuits": [
      "ghz",
      "qft",
      "random",
      "qaoa"
    ],
    "backends": [
      "macquerel-mlx"
    ],
    "reps": 3,
    "double": false,
    "isolate": true,
    "mem_budget_gib": 57.6
  },
  "results": {
    "ghz": {
      "macquerel-mlx": [
        [
          24,
          0.08836270903702825
        ],
        [
          26,
          0.3622850839747116
        ],
        [
          28,
          1.5194425829686224
        ]
      ]
    },
    "qft": {
      "macquerel-mlx": [
        [
          24,
          0.12116070894990116
        ],
        [
          26,
          0.48533558298368007
        ],
        [
          28,
          2.007381457951851
        ]
      ]
    },
    "random": {
      "macquerel-mlx": [
        [
          24,
          0.12602337496355176
        ],
        [
          26,
          0.5871786250500008
        ],
        [
          28,
          1.6662011248990893
        ]
      ]
    },
    "qaoa": {
      "macquerel-mlx": [
        [
          24,
          0.04209045798052102
        ],
        [
          26,
          0.12915433302987367
        ],
        [
          28,
          0.4754334579920396
        ]
      ]
    }
  }
}