{
  "benchmark": "framework_comparison",
  "config": {
    "qubits": [
      6,
      12,
      16,
      20,
      22,
      24,
      26,
      28
    ],
    "circuits": [
      "ghz",
      "qft",
      "random",
      "qaoa"
    ],
    "backends": [
      "macquerel-metal"
    ],
    "reps": 3,
    "double": false,
    "isolate": true,
    "mem_budget_gib": 57.6
  },
  "results": {
    "ghz": {
      "macquerel-metal": [
        [
          6,
          0.0017662500031292439
        ],
        [
          12,
          0.002822500071488321
        ],
        [
          16,
          0.0032040419755503535
        ],
        [
          20,
          0.005062959040515125
        ],
        [
          22,
          0.012371083023026586
        ],
        [
          24,
          0.028759625041857362
        ],
        [
          26,
          0.11555550002958626
        ],
        [
          28,
          0.4673006250523031
        ]
      ]
    },
    "qft": {
      "macquerel-metal": [
        [
          6,
          0.004729375010356307
        ],
        [
          12,
          0.011789334006607533
        ],
        [
          16,
          0.01981500000692904
        ],
        [
          20,
          0.03396029199939221
        ],
        [
          22,
          0.05481850006617606
        ],
        [
          24,
          0.1454850829904899
        ],
        [
          26,
          0.5066113329958171
        ],
        [
          28,
          2.0757488339440897
        ]
      ]
    },
    "random": {
      "macquerel-metal": [
        [
          6,
          0.022561583085916936
        ],
        [
          12,
          0.04592945799231529
        ],
        [
          16,
          0.06380029197316617
        ],
        [
          20,
          0.10682025004643947
        ],
        [
          22,
          0.1945192499551922
        ],
        [
          24,
          0.5263094579568133
        ],
        [
          26,
          1.9079835830489174
        ],
        [
          28,
          7.799871707917191
        ]
      ]
    },
    "qaoa": {
      "macquerel-metal": [
        [
          6,
          0.008558208006434143
        ],
        [
          12,
          0.01599745894782245
        ],
        [
          16,
          0.020722792018204927
        ],
        [
          20,
          0.029009582940489054
        ],
        [
          22,
          0.04317295795772225
        ],
        [
          24,
          0.09985270805191249
        ],
        [
          26,
          0.3282736249966547
        ],
        [
          28,
          1.3306159999920055
        ]
      ]
    }
  },
  "step": "step20-baseline",
  "commit": "819f8f4"
}