{
  "benchmark": "framework_comparison",
  "config": {
    "qubits": [
      6,
      12,
      16,
      20,
      22,
      24,
      26,
      28
    ],
    "circuits": [
      "ghz",
      "qft",
      "random",
      "qaoa"
    ],
    "backends": [
      "macquerel-metal"
    ],
    "reps": 3,
    "double": false,
    "isolate": true,
    "mem_budget_gib": 57.6
  },
  "results": {
    "ghz": {
      "macquerel-metal": [
        [
          6,
          0.0008874160703271627
        ],
        [
          12,
          0.001500291982665658
        ],
        [
          16,
          0.0024167499504983425
        ],
        [
          20,
          0.0037305000005289912
        ],
        [
          22,
          0.006702458020299673
        ],
        [
          24,
          0.022340500028803945
        ],
        [
          26,
          0.074883250053972
        ],
        [
          28,
          0.29307000001426786
        ]
      ]
    },
    "qft": {
      "macquerel-metal": [
        [
          6,
          0.0026866249972954392
        ],
        [
          12,
          0.008000124944373965
        ],
        [
          16,
          0.01296708406880498
        ],
        [
          20,
          0.020760542014613748
        ],
        [
          22,
          0.031379165942780674
        ],
        [
          24,
          0.07399079203605652
        ],
        [
          26,
          0.24851695797406137
        ],
        [
          28,
          1.0250554160447791
        ]
      ]
    },
    "random": {
      "macquerel-metal": [
        [
          6,
          0.014268500031903386
        ],
        [
          12,
          0.027986833010800183
        ],
        [
          16,
          0.0368152919691056
        ],
        [
          20,
          0.04907262499909848
        ],
        [
          22,
          0.07204720808658749
        ],
        [
          24,
          0.17958958307281137
        ],
        [
          26,
          0.6156436249148101
        ],
        [
          28,
          2.48304687498603
        ]
      ]
    },
    "qaoa": {
      "macquerel-metal": [
        [
          6,
          0.006269374978728592
        ],
        [
          12,
          0.011150375008583069
        ],
        [
          16,
          0.015715999994426966
        ],
        [
          20,
          0.02018700004555285
        ],
        [
          22,
          0.026232375064864755
        ],
        [
          24,
          0.05448420799802989
        ],
        [
          26,
          0.15909645811188966
        ],
        [
          28,
          0.6063799590338022
        ]
      ]
    }
  },
  "step": "step26",
  "commit": "14cdf74"
}