{
  "benchmark": "framework_comparison",
  "config": {
    "qubits": [
      6,
      12,
      16,
      20,
      22
    ],
    "circuits": [
      "ghz",
      "qft",
      "random",
      "qaoa"
    ],
    "backends": [
      "macquerel-cpu"
    ],
    "reps": 3,
    "double": false,
    "isolate": true,
    "mem_budget_gib": 57.6
  },
  "results": {
    "ghz": {
      "macquerel-cpu": [
        [
          6,
          0.0005048749735578895
        ],
        [
          12,
          0.0011667920043691993
        ],
        [
          16,
          0.0018857079558074474
        ],
        [
          20,
          0.009944125078618526
        ],
        [
          22,
          0.0423137079924345
        ]
      ]
    },
    "qft": {
      "macquerel-cpu": [
        [
          6,
          0.0018640420166775584
        ],
        [
          12,
          0.006963124964386225
        ],
        [
          16,
          0.014034667052328587
        ],
        [
          20,
          0.06017920805606991
        ],
        [
          22,
          0.2684300420805812
        ]
      ]
    },
    "random": {
      "macquerel-cpu": [
        [
          6,
          0.01203500002156943
        ],
        [
          12,
          0.027125083026476204
        ],
        [
          16,
          0.04651279200334102
        ],
        [
          20,
          0.3020888330647722
        ],
        [
          22,
          1.527883000089787
        ]
      ]
    },
    "qaoa": {
      "macquerel-cpu": [
        [
          6,
          0.0052012919913977385
        ],
        [
          12,
          0.010663542081601918
        ],
        [
          16,
          0.016117500024847686
        ],
        [
          20,
          0.0523387499852106
        ],
        [
          22,
          0.21609041700139642
        ]
      ]
    }
  },
  "step": "step26",
  "commit": "14cdf74"
}