{
  "benchmark": "batched_sweep",
  "results": {
    "4q_b32": {
      "loop_auto": 0.02144566597416997,
      "batched_cpu": 0.0008248749654740095,
      "batched_mlx": 0.0022747910115867853
    },
    "4q_b128": {
      "loop_auto": 0.08588391693774611,
      "batched_cpu": 0.002121041063219309,
      "batched_mlx": 0.0038939170772209764
    },
    "4q_b512": {
      "loop_auto": 0.3446566249476746,
      "batched_cpu": 0.007343582925386727,
      "batched_mlx": 0.00866245897486806
    },
    "8q_b32": {
      "loop_auto": 0.05086995800957084,
      "batched_cpu": 0.002601250074803829,
      "batched_mlx": 0.004603666951879859
    },
    "8q_b128": {
      "loop_auto": 0.20551374997012317,
      "batched_cpu": 0.00807512504979968,
      "batched_mlx": 0.008230083039961755
    },
    "8q_b512": {
      "loop_auto": 0.8137842919677496,
      "batched_cpu": 0.029363792040385306,
      "batched_mlx": 0.018148500006645918
    },
    "12q_b32": {
      "loop_auto": 0.087032665964216,
      "batched_cpu": 0.0757932080887258,
      "batched_mlx": 0.006302082911133766
    },
    "12q_b128": {
      "loop_auto": 0.3495505830505863,
      "batched_cpu": 0.30588945804629475,
      "batched_mlx": 0.01652166701387614
    },
    "12q_b512": {
      "loop_auto": 1.4094721250003204,
      "batched_cpu": 1.2236237910110503,
      "batched_mlx": 0.06047841696999967
    },
    "16q_b32": {
      "loop_auto": 0.11435804096981883,
      "batched_cpu": 0.5940624580252916,
      "batched_mlx": 0.0519645829917863
    },
    "16q_b128": {
      "loop_auto": 0.45595129195135087,
      "batched_cpu": 2.400324499933049,
      "batched_mlx": 0.2121381670003757
    },
    "16q_b512": {
      "loop_auto": 1.8881142080063,
      "batched_cpu": 9.614740125020035,
      "batched_mlx": 0.8476238329894841
    }
  }
}