{
  "ghz": {
    "macquerel-mlx": [
      [
        8,
        0.0015356660005636513
      ],
      [
        12,
        0.001860499964095652
      ],
      [
        16,
        0.0024573749979026616
      ],
      [
        20,
        0.006765500002074987
      ],
      [
        24,
        0.08361337496899068
      ],
      [
        26,
        0.35442
      ],
      [
        28,
        1.55318
      ],
      [
        30,
        15.13954
      ]
    ],
    "macquerel-metal": [
      [
        8,
        0.0016549580032005906
      ],
      [
        12,
        0.0019798330031335354
      ],
      [
        16,
        0.0032119169482029974
      ],
      [
        20,
        0.008096166013274342
      ],
      [
        24,
        0.028064250014722347
      ],
      [
        26,
        0.12478
      ],
      [
        28,
        0.49855
      ],
      [
        30,
        2.3977199999999996
      ]
    ],
    "aer": [
      [
        8,
        0.00019491702551022172
      ],
      [
        12,
        0.00022062496282160282
      ],
      [
        16,
        0.0005926250014454126
      ],
      [
        20,
        0.004575124999973923
      ],
      [
        24,
        0.07923279196256772
      ],
      [
        26,
        0.33138
      ],
      [
        28,
        1.4430399999999999
      ],
      [
        30,
        7.1225
      ]
    ]
  },
  "qft": {
    "macquerel-mlx": [
      [
        8,
        0.0038567910087294877
      ],
      [
        12,
        0.007285833009518683
      ],
      [
        16,
        0.012655167025513947
      ],
      [
        20,
        0.03537283302284777
      ],
      [
        24,
        0.5625344580039382
      ],
      [
        26,
        2.53218
      ],
      [
        28,
        11.58406
      ],
      [
        30,
        106.05857
      ]
    ],
    "macquerel-metal": [
      [
        8,
        0.005976709013339132
      ],
      [
        12,
        0.012122291955165565
      ],
      [
        16,
        0.01939495897386223
      ],
      [
        20,
        0.03447112499270588
      ],
      [
        24,
        0.14080958301201463
      ],
      [
        26,
        0.49436
      ],
      [
        28,
        2.14741
      ],
      [
        30,
        9.32493
      ]
    ],
    "aer": [
      [
        8,
        0.0006770420004613698
      ],
      [
        12,
        0.0012885420001111925
      ],
      [
        16,
        0.003514583979267627
      ],
      [
        20,
        0.019314416975248605
      ],
      [
        24,
        0.3384607080370188
      ],
      [
        26,
        1.6664
      ],
      [
        28,
        7.16548
      ],
      [
        30,
        33.608830000000005
      ]
    ]
  },
  "random": {
    "macquerel-mlx": [
      [
        8,
        0.019354459014721215
      ],
      [
        12,
        0.028625375009141862
      ],
      [
        16,
        0.03721737500745803
      ],
      [
        20,
        0.09716758399736136
      ],
      [
        24,
        1.4064702920150012
      ],
      [
        26,
        5.89756
      ],
      [
        28,
        35.16267
      ]
    ],
    "macquerel-metal": [
      [
        8,
        0.02990545897046104
      ],
      [
        12,
        0.04767574998550117
      ],
      [
        16,
        0.06507050001528114
      ],
      [
        20,
        0.10489479196257889
      ],
      [
        24,
        0.5259399579954334
      ],
      [
        26,
        2.0481599999999998
      ],
      [
        28,
        7.846550000000001
      ],
      [
        30,
        33.25931
      ]
    ],
    "aer": [
      [
        8,
        0.0013909160043112934
      ],
      [
        12,
        0.003119042026810348
      ],
      [
        16,
        0.006905375048518181
      ],
      [
        20,
        0.04958733299281448
      ],
      [
        24,
        0.8843306250055321
      ],
      [
        26,
        4.07279
      ],
      [
        28,
        16.41702
      ],
      [
        30,
        74.29664
      ]
    ]
  },
  "qaoa": {
    "macquerel-mlx": [
      [
        8,
        0.007910000043921173
      ],
      [
        12,
        0.011225915979593992
      ],
      [
        16,
        0.015659041004255414
      ],
      [
        20,
        0.024841625010594726
      ],
      [
        24,
        0.18402083299588412
      ],
      [
        26,
        0.74964
      ],
      [
        28,
        3.14439
      ],
      [
        30,
        20.75126
      ]
    ],
    "macquerel-metal": [
      [
        8,
        0.01052562496624887
      ],
      [
        12,
        0.01542504201643169
      ],
      [
        16,
        0.019852957979310304
      ],
      [
        20,
        0.029070792021229863
      ],
      [
        24,
        0.0976308339741081
      ],
      [
        26,
        0.34069
      ],
      [
        28,
        1.33098
      ],
      [
        30,
        33.4804
      ]
    ],
    "aer": [
      [
        8,
        0.0007113330066204071
      ],
      [
        12,
        0.0013735830434598029
      ],
      [
        16,
        0.0027773750480264425
      ],
      [
        20,
        0.01458629104308784
      ],
      [
        24,
        0.24951991700800136
      ],
      [
        26,
        0.9892000000000001
      ],
      [
        28,
        4.5344
      ],
      [
        30,
        21.757240000000003
      ]
    ]
  }
}