{
  "ghz": {
    "macquerel-cpu": [
      [
        8,
        0.0006313339690677822
      ],
      [
        12,
        0.0009939169976860285
      ],
      [
        16,
        0.0016936660395003855
      ],
      [
        20,
        0.011755958024878055
      ],
      [
        24,
        0.18284516700077802
      ]
    ],
    "macquerel-mlx": [
      [
        8,
        0.0015356660005636513
      ],
      [
        12,
        0.001860499964095652
      ],
      [
        16,
        0.0024573749979026616
      ],
      [
        20,
        0.006765500002074987
      ],
      [
        24,
        0.08361337496899068
      ]
    ],
    "macquerel-metal": [
      [
        8,
        0.0016549580032005906
      ],
      [
        12,
        0.0019798330031335354
      ],
      [
        16,
        0.0032119169482029974
      ],
      [
        20,
        0.008096166013274342
      ],
      [
        24,
        0.028064250014722347
      ]
    ],
    "aer": [
      [
        8,
        0.00019491702551022172
      ],
      [
        12,
        0.00022062496282160282
      ],
      [
        16,
        0.0005926250014454126
      ],
      [
        20,
        0.004575124999973923
      ],
      [
        24,
        0.07923279196256772
      ]
    ],
    "qulacs": [
      [
        8,
        6.583984941244125e-06
      ],
      [
        12,
        1.6125035472214222e-05
      ],
      [
        16,
        0.00019745802273973823
      ],
      [
        20,
        0.0037041670293547213
      ],
      [
        24,
        0.08201283303787932
      ]
    ]
  },
  "qft": {
    "macquerel-cpu": [
      [
        8,
        0.002898167003877461
      ],
      [
        12,
        0.006454958987887949
      ],
      [
        16,
        0.014782832993660122
      ],
      [
        20,
        0.13565404200926423
      ],
      [
        24,
        3.0545826249872334
      ]
    ],
    "macquerel-mlx": [
      [
        8,
        0.0038567910087294877
      ],
      [
        12,
        0.007285833009518683
      ],
      [
        16,
        0.012655167025513947
      ],
      [
        20,
        0.03537283302284777
      ],
      [
        24,
        0.5625344580039382
      ]
    ],
    "macquerel-metal": [
      [
        8,
        0.005976709013339132
      ],
      [
        12,
        0.012122291955165565
      ],
      [
        16,
        0.01939495897386223
      ],
      [
        20,
        0.03447112499270588
      ],
      [
        24,
        0.14080958301201463
      ]
    ],
    "aer": [
      [
        8,
        0.0006770420004613698
      ],
      [
        12,
        0.0012885420001111925
      ],
      [
        16,
        0.003514583979267627
      ],
      [
        20,
        0.019314416975248605
      ],
      [
        24,
        0.3384607080370188
      ]
    ],
    "qulacs": [
      [
        8,
        4.954100586473942e-05
      ],
      [
        12,
        0.00023975002113729715
      ],
      [
        16,
        0.0047274999669753015
      ],
      [
        20,
        0.11262558295857161
      ],
      [
        24,
        2.68515745800687
      ]
    ]
  },
  "random": {
    "macquerel-cpu": [
      [
        8,
        0.014822125027421862
      ],
      [
        12,
        0.02276891696965322
      ],
      [
        16,
        0.0417295410297811
      ],
      [
        20,
        0.3349033750128001
      ],
      [
        24,
        6.6249171670060605
      ]
    ],
    "macquerel-mlx": [
      [
        8,
        0.019354459014721215
      ],
      [
        12,
        0.028625375009141862
      ],
      [
        16,
        0.03721737500745803
      ],
      [
        20,
        0.09716758399736136
      ],
      [
        24,
        1.4064702920150012
      ]
    ],
    "macquerel-metal": [
      [
        8,
        0.02990545897046104
      ],
      [
        12,
        0.04767574998550117
      ],
      [
        16,
        0.06507050001528114
      ],
      [
        20,
        0.10489479196257889
      ],
      [
        24,
        0.5259399579954334
      ]
    ],
    "aer": [
      [
        8,
        0.0013909160043112934
      ],
      [
        12,
        0.003119042026810348
      ],
      [
        16,
        0.006905375048518181
      ],
      [
        20,
        0.04958733299281448
      ],
      [
        24,
        0.8843306250055321
      ]
    ],
    "qulacs": [
      [
        8,
        0.00015058397548273206
      ],
      [
        12,
        0.0010291250073350966
      ],
      [
        16,
        0.01951916702091694
      ],
      [
        20,
        0.38722637499449775
      ],
      [
        24,
        7.756413957977202
      ]
    ]
  },
  "qaoa": {
    "macquerel-cpu": [
      [
        8,
        0.006476457987446338
      ],
      [
        12,
        0.00998600001912564
      ],
      [
        16,
        0.01516458299010992
      ],
      [
        20,
        0.07892449997598305
      ],
      [
        24,
        1.377559958025813
      ]
    ],
    "macquerel-mlx": [
      [
        8,
        0.007910000043921173
      ],
      [
        12,
        0.011225915979593992
      ],
      [
        16,
        0.015659041004255414
      ],
      [
        20,
        0.024841625010594726
      ],
      [
        24,
        0.18402083299588412
      ]
    ],
    "macquerel-metal": [
      [
        8,
        0.01052562496624887
      ],
      [
        12,
        0.01542504201643169
      ],
      [
        16,
        0.019852957979310304
      ],
      [
        20,
        0.029070792021229863
      ],
      [
        24,
        0.0976308339741081
      ]
    ],
    "aer": [
      [
        8,
        0.0007113330066204071
      ],
      [
        12,
        0.0013735830434598029
      ],
      [
        16,
        0.0027773750480264425
      ],
      [
        20,
        0.01458629104308784
      ],
      [
        24,
        0.24951991700800136
      ]
    ],
    "qulacs": [
      [
        8,
        6.608403054997325e-05
      ],
      [
        12,
        0.0003362090210430324
      ],
      [
        16,
        0.006074957957025617
      ],
      [
        20,
        0.11968354100827128
      ],
      [
        24,
        2.4216421250021085
      ]
    ]
  }
}