{
  "benchmark": "density_matrix_runtime",
  "data": {
    "ghz_noise": {
      "cpu": {
        "2": 0.0001265000319108367,
        "3": 0.00019583292305469513,
        "4": 0.000295375008136034,
        "5": 0.00038774998392909765,
        "6": 0.0005654999986290932,
        "7": 0.0009023750899359584,
        "8": 0.002003542031161487,
        "9": 0.005310000036843121,
        "10": 0.02111258404329419,
        "11": 0.12087466602679342,
        "12": 0.4805055420147255,
        "13": 1.867395041976124
      },
      "mlx": {
        "2": 0.000490417005494237,
        "3": 0.0005965830059722066,
        "4": 0.0007297090487554669,
        "5": 0.0010261250426992774,
        "6": 0.0011052079498767853,
        "7": 0.0014504590071737766,
        "8": 0.0018990000244230032,
        "9": 0.0026360000483691692,
        "10": 0.005976416985504329,
        "11": 0.018745874986052513,
        "12": 0.08334649994503707,
        "13": 0.33349912497214973,
        "14": 1.5189705410739407
      },
      "metal": {
        "2": 0.0004681670106947422,
        "3": 0.0005529590416699648,
        "4": 0.0007295410614460707,
        "5": 0.0007060409989207983,
        "6": 0.0008342909859493375,
        "7": 0.0008619170403108001,
        "8": 0.0010844579664990306,
        "9": 0.0013437080197036266,
        "10": 0.002146625076420605,
        "11": 0.0057807909324765205,
        "12": 0.01599475007969886,
        "13": 0.05928512499667704,
        "14": 0.34752287494484335,
        "15": 1.4138082499848679,
        "16": 5.977011707960628
      }
    },
    "random_noise": {
      "cpu": {
        "2": 0.00040612497832626104,
        "3": 0.0007533750031143427,
        "4": 0.0009837920079007745,
        "5": 0.0012500829761847854,
        "6": 0.001648708013817668,
        "7": 0.0024509169161319733,
        "8": 0.0040097079472616315,
        "9": 0.009934541070833802,
        "10": 0.04713995801284909,
        "11": 0.17250120907556266,
        "12": 0.7761949159903452,
        "13": 4.717171916970983
      },
      "mlx": {
        "2": 0.0007847499800845981,
        "3": 0.0011625420302152634,
        "4": 0.0028648340376093984,
        "5": 0.0029449999565258622,
        "6": 0.0033197079319506884,
        "7": 0.004214707994833589,
        "8": 0.005099458969198167,
        "9": 0.0060700420290231705,
        "10": 0.008239374961704016,
        "11": 0.016646999982185662,
        "12": 0.07352795894257724,
        "13": 0.2338971249992028,
        "14": 1.216228042030707
      },
      "metal": {
        "2": 0.0007758339634165168,
        "3": 0.0010282499715685844,
        "4": 0.0013097500195726752,
        "5": 0.0016106660477817059,
        "6": 0.001795666990801692,
        "7": 0.002526666969060898,
        "8": 0.0027219170005992055,
        "9": 0.0033906250027939677,
        "10": 0.0050242909928783774,
        "11": 0.008856666972860694,
        "12": 0.02651020896155387,
        "13": 0.10131833294872195,
        "14": 0.48432749998755753,
        "15": 1.9180931249866262,
        "16": 8.507985500036739
      }
    }
  }
}