{
  "benchmark": "framework_comparison",
  "config": {
    "qubits": [
      6,
      8,
      10,
      12,
      14,
      16,
      18,
      20
    ],
    "circuits": [
      "ghz",
      "qft",
      "random",
      "qaoa"
    ],
    "backends": [
      "macquerel-cpu",
      "macquerel-mlx",
      "macquerel-metal",
      "aer",
      "qulacs"
    ],
    "reps": 3,
    "double": false,
    "isolate": true,
    "mem_budget_gib": 57.6
  },
  "results": {
    "ghz": {
      "macquerel-cpu": [
        [
          6,
          0.00044450000859797
        ],
        [
          8,
          0.0006412080256268382
        ],
        [
          10,
          0.0008567909826524556
        ],
        [
          12,
          0.001006542006507516
        ],
        [
          14,
          0.0012606660020537674
        ],
        [
          16,
          0.0017380420467816293
        ],
        [
          18,
          0.002864083042368293
        ],
        [
          20,
          0.009701624978333712
        ]
      ],
      "macquerel-mlx": [
        [
          6,
          0.0011803749948740005
        ],
        [
          8,
          0.00139608298195526
        ],
        [
          10,
          0.0015097910072654486
        ],
        [
          12,
          0.0018562909681349993
        ],
        [
          14,
          0.002167833037674427
        ],
        [
          16,
          0.002347750007174909
        ],
        [
          18,
          0.0037899170420132577
        ],
        [
          20,
          0.00694462499814108
        ]
      ],
      "macquerel-metal": [
        [
          6,
          0.0010633330093696713
        ],
        [
          8,
          0.002982458972837776
        ],
        [
          10,
          0.0033087919582612813
        ],
        [
          12,
          0.0036687919637188315
        ],
        [
          14,
          0.0038997920346446335
        ],
        [
          16,
          0.0032174999942071736
        ],
        [
          18,
          0.005719917011447251
        ],
        [
          20,
          0.005471125012263656
        ]
      ],
      "aer": [
        [
          6,
          0.0001752910320647061
        ],
        [
          8,
          0.00020704098278656602
        ],
        [
          10,
          0.0002132920199073851
        ],
        [
          12,
          0.00024995801504701376
        ],
        [
          14,
          0.00034270802279934287
        ],
        [
          16,
          0.0006407079636119306
        ],
        [
          18,
          0.001435958023648709
        ],
        [
          20,
          0.008494875044561923
        ]
      ],
      "qulacs": [
        [
          6,
          6.499991286545992e-06
        ],
        [
          8,
          7.2499969974160194e-06
        ],
        [
          10,
          9.542040061205626e-06
        ],
        [
          12,
          1.60830095410347e-05
        ],
        [
          14,
          5.412503378465772e-05
        ],
        [
          16,
          0.00019162497483193874
        ],
        [
          18,
          0.0008059170213527977
        ],
        [
          20,
          0.0035074170446023345
        ]
      ]
    },
    "qft": {
      "macquerel-cpu": [
        [
          6,
          0.0016109999851323664
        ],
        [
          8,
          0.0028450830141082406
        ],
        [
          10,
          0.004274167004041374
        ],
        [
          12,
          0.006339124985970557
        ],
        [
          14,
          0.009192832978442311
        ],
        [
          16,
          0.014783249993342906
        ],
        [
          18,
          0.03227320802398026
        ],
        [
          20,
          0.11185870796907693
        ]
      ],
      "macquerel-mlx": [
        [
          6,
          0.002603250031825155
        ],
        [
          8,
          0.004050166986417025
        ],
        [
          10,
          0.005758540995884687
        ],
        [
          12,
          0.007677667017560452
        ],
        [
          14,
          0.01014525000937283
        ],
        [
          16,
          0.014006042038090527
        ],
        [
          18,
          0.018416666018310934
        ],
        [
          20,
          0.03628000000026077
        ]
      ],
      "macquerel-metal": [
        [
          6,
          0.004799917049240321
        ],
        [
          8,
          0.00593712500995025
        ],
        [
          10,
          0.009020417055580765
        ],
        [
          12,
          0.011835167009849101
        ],
        [
          14,
          0.015032250026706606
        ],
        [
          16,
          0.01951099996222183
        ],
        [
          18,
          0.02532712498214096
        ],
        [
          20,
          0.03286141698481515
        ]
      ],
      "aer": [
        [
          6,
          0.0004445419763214886
        ],
        [
          8,
          0.0006707499851472676
        ],
        [
          10,
          0.0009646670077927411
        ],
        [
          12,
          0.0014004589756950736
        ],
        [
          14,
          0.0024615420261397958
        ],
        [
          16,
          0.0039964159950613976
        ],
        [
          18,
          0.006753916968591511
        ],
        [
          20,
          0.020129207987338305
        ]
      ],
      "qulacs": [
        [
          6,
          2.9334041755646467e-05
        ],
        [
          8,
          8.129200432449579e-05
        ],
        [
          10,
          0.0001069580321200192
        ],
        [
          12,
          0.00026479101506993175
        ],
        [
          14,
          0.001013458997476846
        ],
        [
          16,
          0.004676834039855748
        ],
        [
          18,
          0.022949791979044676
        ],
        [
          20,
          0.11270604201126844
        ]
      ]
    },
    "random": {
      "macquerel-cpu": [
        [
          6,
          0.010732249997090548
        ],
        [
          8,
          0.014745666994713247
        ],
        [
          10,
          0.018764125008601695
        ],
        [
          12,
          0.023375417047645897
        ],
        [
          14,
          0.02983945800224319
        ],
        [
          16,
          0.04192962497472763
        ],
        [
          18,
          0.08196879195747897
        ],
        [
          20,
          0.26538037502905354
        ]
      ],
      "macquerel-mlx": [
        [
          6,
          0.014584708958864212
        ],
        [
          8,
          0.019533707993105054
        ],
        [
          10,
          0.023950207978487015
        ],
        [
          12,
          0.028687915997579694
        ],
        [
          14,
          0.03489445801824331
        ],
        [
          16,
          0.037863624980673194
        ],
        [
          18,
          0.0468601249740459
        ],
        [
          20,
          0.1001045000157319
        ]
      ],
      "macquerel-metal": [
        [
          6,
          0.021792124956846237
        ],
        [
          8,
          0.02997233299538493
        ],
        [
          10,
          0.03778545802924782
        ],
        [
          12,
          0.04694837500574067
        ],
        [
          14,
          0.05398029199568555
        ],
        [
          16,
          0.06323916703695431
        ],
        [
          18,
          0.07496870902832597
        ],
        [
          20,
          0.09747604100266472
        ]
      ],