{
  "benchmark": "mcm_qec",
  "config": {
    "qubits": [
      5,
      9,
      13,
      17,
      21,
      25,
      30,
      32
    ],
    "rounds": [
      1,
      2,
      4,
      8,
      16
    ],
    "fixed_distance": 7,
    "fixed_rounds": 8,
    "backends": [
      "cpu",
      "mlx",
      "metal"
    ],
    "modes": [
      "sample",
      "collapse"
    ],
    "shots": 1000,
    "traj_shots": 8,
    "reps": 3,
    "json": "benchmarks/data/mcm.json",
    "plot": "benchmarks/data/mcm.png",
    "replot": false
  },
  "data": {
    "rounds": {
      "cpu": {
        "sample": [
          [
            1,
            0.001230665948241949
          ],
          [
            2,
            0.002226624987088144
          ],
          [
            4,
            0.004000292043201625
          ],
          [
            8,
            0.007712374906986952
          ],
          [
            16,
            0.014793624985031784
          ]
        ],
        "collapse": [
          [
            1,
            0.0004192603810224682
          ],
          [
            2,
            0.0007814738637534901
          ],
          [
            4,
            0.0015022603765828535
          ],
          [
            8,
            0.0029318176239030436
          ],
          [
            16,
            0.005812390620121732
          ]
        ]
      },
      "mlx": {
        "sample": [
          [
            1,
            0.0031863750191405416
          ],
          [
            2,
            0.004671624978072941
          ],
          [
            4,
            0.0071995829930529
          ],
          [
            8,
            0.014174166950397193
          ],
          [
            16,
            0.02649150008801371
          ]
        ],
        "collapse": [
          [
            1,
            0.0007256197422975674
          ],
          [
            2,
            0.001123255249694921
          ],
          [
            4,
            0.002168916747905314
          ],
          [
            8,
            0.004253119739587419
          ],
          [
            16,
            0.008804645869531669
          ]
        ]
      },
      "metal": {
        "sample": [
          [
            1,
            0.0011207499774172902
          ],
          [
            2,
            0.0017162500880658627
          ],
          [
            4,
            0.003231917042285204
          ],
          [
            8,
            0.0066850000293925405
          ],
          [
            16,
            0.012120209052227437
          ]
        ],
        "collapse": [
          [
            1,
            0.000782119866926223
          ],
          [
            2,
            0.0012129634997108951
          ],
          [
            4,
            0.002352281240746379
          ],
          [
            8,
            0.004624984372640029
          ],
          [
            16,
            0.009282843748223968
          ]
        ]
      }
    },
    "qubits": {
      "cpu": {
        "sample": [
          [
            5,
            0.0033483749721199274
          ],
          [
            9,
            0.0052469579968601465
          ],
          [
            13,
            0.007985292002558708
          ],
          [
            17,
            0.03468812501523644
          ],
          [
            21,
            0.3732152500888333
          ],
          [
            25,
            6.5336446249857545
          ]
        ],
        "collapse": [
          [
            5,
            0.00017060937534552068
          ],
          [
            9,
            0.0005443957488751039
          ],
          [
            13,
            0.0029946667491458356
          ],
          [
            17,
            0.04431821362231858
          ],
          [
            21,
            0.8365186718729092
          ],
          [
            25,
            15.430152000044473
          ]
        ]
      },
      "mlx": {
        "sample": [
          [
            5,
            0.0076572500402107835
          ],
          [
            9,
            0.010425542015582323
          ],
          [
            13,
            0.01443187496624887
          ],
          [
            17,
            0.029099792009219527
          ],
          [
            21,
            0.25258699990808964
          ],
          [
            25,
            4.099383583990857
          ],
          [
            30,
            91.40055208397098
          ]
        ],
        "collapse": [
          [
            5,
            0.0016797083662822843
          ],
          [
            9,
            0.0021604427602142096
          ],
          [
            13,
            0.004561260371701792
          ],
          [
            17,
            0.04433570825494826
          ],
          [
            21,
            0.7089316144993063
          ],
          [
            25,
            13.114837665925734
          ],
          [
            30,
            526.5989627499366
          ]
        ]
      },
      "metal": {
        "sample": [
          [
            5,
            0.003731166012585163
          ],
          [
            9,
            0.004857582971453667
          ],
          [
            13,
            0.00712204200681299
          ],
          [
            17,
            0.02196962502785027
          ],
          [
            21,
            0.23532866698224097
          ],
          [
            25,
            3.9462152919732034
          ],
          [
            30,
            85.86341170792002
          ]
        ],
        "collapse": [
          [
            5,
            0.0018298488721484318
          ],
          [
            9,
            0.0023593073710799217
          ],
          [
            13,
            0.004989541746908799
          ],
          [
            17,
            0.04419399487960618
          ],
          [
            21,
            0.7093507187528303
          ],
          [
            25,
            12.871061957906932
          ],
          [
            30,
            512.9297872500028
          ]
        ]
      }
    }
  }
}