{
  "benchmark": "mcm_qec",
  "config": {
    "distances": [
      3,
      5,
      7,
      9,
      11,
      13
    ],
    "rounds": [
      1,
      2,
      4,
      8,
      16
    ],
    "fixed_distance": 7,
    "fixed_rounds": 8,
    "backends": [
      "cpu",
      "mlx",
      "metal"
    ],
    "modes": [
      "sample",
      "collapse"
    ],
    "shots": 1000,
    "traj_shots": 8,
    "reps": 3,
    "json": "benchmarks/data/mcm.json",
    "plot": "benchmarks/data/mcm.png",
    "replot": false
  },
  "data": {
    "rounds": {
      "cpu": {
        "sample": [
          [
            1,
            0.0012261250521987677
          ],
          [
            2,
            0.0020982499700039625
          ],
          [
            4,
            0.003934749984182417
          ],
          [
            8,
            0.007496167090721428
          ],
          [
            16,
            0.014637583983130753
          ]
        ],
        "collapse": [
          [
            1,
            0.00041575000796001405
          ],
          [
            2,
            0.0007707759941695258
          ],
          [
            4,
            0.0014702083717565984
          ],
          [
            8,
            0.0028946353850187734
          ],
          [
            16,
            0.0057046250003622845
          ]
        ]
      },
      "mlx": {
        "sample": [
          [
            1,
            0.0028025410138070583
          ],
          [
            2,
            0.004656667006202042
          ],
          [
            4,
            0.007388999918475747
          ],
          [
            8,
            0.013586374931037426
          ],
          [
            16,
            0.02616241609212011
          ]
        ],
        "collapse": [
          [
            1,
            0.0007519582431996241
          ],
          [
            2,
            0.0011396144982427359
          ],
          [
            4,
            0.0021206927485764027
          ],
          [
            8,
            0.004190411505987868
          ],
          [
            16,
            0.008330572993145324
          ]
        ]
      },
      "metal": {
        "sample": [
          [
            1,
            0.001146333059296012
          ],
          [
            2,
            0.0017195000546053052
          ],
          [
            4,
            0.003126917057670653
          ],
          [
            8,
            0.006292874924838543
          ],
          [
            16,
            0.012547166901640594
          ]
        ],
        "collapse": [
          [
            1,
            0.0007826042419765145
          ],
          [
            2,
            0.0011890468740602955
          ],
          [
            4,
            0.0023290885001188144
          ],
          [
            8,
            0.00459471350768581
          ],
          [
            16,
            0.009190750002744608
          ]
        ]
      }
    },
    "qubits": {
      "cpu": {
        "sample": [
          [
            5,
            0.003206040943041444
          ],
          [
            9,
            0.004792292020283639
          ],
          [
            13,
            0.007555749965831637
          ],
          [
            17,
            0.025985249900259078
          ],
          [
            21,
            0.3583029169822112
          ],
          [
            25,
            6.5089565420057625
          ]
        ],
        "collapse": [
          [
            5,
            0.0001700103748589754
          ],
          [
            9,
            0.0005000728706363589
          ],
          [
            13,
            0.0028837499994551763
          ],
          [
            17,
            0.04292667700792663
          ],
          [
            21,
            0.8271888384915655
          ],
          [
            25,
            15.431590083462652
          ]
        ]
      },
      "mlx": {
        "sample": [
          [
            5,
            0.007065166952088475
          ],
          [
            9,
            0.010168042033910751
          ],
          [
            13,
            0.013781209010630846
          ],
          [
            17,
            0.027645665919408202
          ],
          [
            21,
            0.2515417089452967
          ],
          [
            25,
            4.015069458051585
          ]
        ],
        "collapse": [
          [
            5,
            0.0016481978818774223
          ],
          [
            9,
            0.0020771718700416386
          ],
          [
            13,
            0.004238010369590484
          ],
          [
            17,
            0.04312458337517455
          ],
          [
            21,
            0.7093152760062367
          ],
          [
            25,
            13.221452625002712
          ]
        ]
      },
      "metal": {
        "sample": [
          [
            5,
            0.003735666978172958
          ],
          [
            9,
            0.004548874916508794
          ],
          [
            13,
            0.0062380830058828
          ],
          [
            17,
            0.020615708082914352
          ],
          [
            21,
            0.24069629097357392
          ],
          [
            25,
            3.9778056669747457
          ]
        ],
        "collapse": [
          [
            5,
            0.001708583367872052
          ],
          [
            9,
            0.0022548801207449287
          ],
          [
            13,
            0.004582932248013094
          ],
          [
            17,
            0.04323979163018521
          ],
          [
            21,
            0.7143976355000632
          ],
          [
            25,
            12.874003333505243
          ]
        ]
      }
    }
  }
}