{
  "benchmark": "mcm_qec",
  "config": {
    "distances": [
      3,
      5,
      7,
      9,
      11
    ],
    "rounds": [
      1,
      2,
      4,
      8,
      16
    ],
    "fixed_distance": 7,
    "fixed_rounds": 8,
    "backends": [
      "cpu",
      "mlx",
      "metal"
    ],
    "modes": [
      "sample",
      "collapse"
    ],
    "shots": 1000,
    "traj_shots": 8,
    "reps": 3,
    "json": "benchmarks/data/mcm.json",
    "plot": "benchmarks/data/mcm.png",
    "replot": false
  },
  "data": {
    "rounds": {
      "cpu": {
        "sample": [
          [
            1,
            0.001264417078346014
          ],
          [
            2,
            0.002114292001351714
          ],
          [
            4,
            0.003937541041523218
          ],
          [
            8,
            0.007537374971434474
          ],
          [
            16,
            0.014736874960362911
          ]
        ],
        "collapse": [
          [
            1,
            0.0004191510088276118
          ],
          [
            2,
            0.0007774791301926598
          ],
          [
            4,
            0.001484104126575403
          ],
          [
            8,
            0.0029302291222848
          ],
          [
            16,
            0.005868317748536356
          ]
        ]
      },
      "mlx": {
        "sample": [
          [
            1,
            0.0029013330349698663
          ],
          [
            2,
            0.004545500036329031
          ],
          [
            4,
            0.007684958050958812
          ],
          [
            8,
            0.014451832976192236
          ],
          [
            16,
            0.026939540985040367
          ]
        ],
        "collapse": [
          [
            1,
            0.0007488437549909577
          ],
          [
            2,
            0.0011048644955735654
          ],
          [
            4,
            0.0021454636298585683
          ],
          [
            8,
            0.0042481041309656575
          ],
          [
            16,
            0.008395479118917137
          ]
        ]
      },
      "metal": {
        "sample": [
          [
            1,
            0.0010162499966099858
          ],
          [
            2,
            0.0017107089515775442
          ],
          [
            4,
            0.0032139159739017487
          ],
          [
            8,
            0.006753291003406048
          ],
          [
            16,
            0.012823334080167115
          ]
        ],
        "collapse": [
          [
            1,
            0.0006552082631969824
          ],
          [
            2,
            0.0012027761258650571
          ],
          [
            4,
            0.002333770869881846
          ],
          [
            8,
            0.004667281260481104
          ],
          [
            16,
            0.009151041624136269
          ]
        ]
      }
    },
    "qubits": {
      "cpu": {
        "sample": [
          [
            5,
            0.0031562079675495625
          ],
          [
            9,
            0.004884249996393919
          ],
          [
            13,
            0.0076220419723540545
          ],
          [
            17,
            0.02601850009523332
          ],
          [
            21,
            0.3399217500118539
          ]
        ],
        "collapse": [
          [
            5,
            0.00017211462545674294
          ],
          [
            9,
            0.0004996406205464154
          ],
          [
            13,
            0.002928989633801393
          ],
          [
            17,
            0.04253492188581731
          ],
          [
            21,
            0.8078248384990729
          ]
        ]
      },
      "mlx": {
        "sample": [
          [
            5,
            0.00730837497394532
          ],
          [
            9,
            0.010040291934274137
          ],
          [
            13,
            0.014257875038310885
          ],
          [
            17,
            0.027659332961775362
          ],
          [
            21,
            0.24878362496383488
          ]
        ],
        "collapse": [
          [
            5,
            0.0016586249985266477
          ],
          [
            9,
            0.0020836823823628947
          ],
          [
            13,
            0.004246645752573386
          ],
          [
            17,
            0.04298331776226405
          ],
          [
            21,
            0.7078693281364394
          ]
        ]
      },
      "metal": {
        "sample": [
          [
            5,
            0.0036630419781431556
          ],
          [
            9,
            0.005219457903876901
          ],
          [
            13,
            0.007486750022508204
          ],
          [
            17,
            0.022522291052155197
          ],
          [
            21,
            0.23231549991760403
          ]
        ],
        "collapse": [
          [
            5,
            0.0017447083810111508
          ],
          [
            9,
            0.002262312496895902
          ],
          [
            13,
            0.004639973878511228
          ],
          [
            17,
            0.04321097387582995
          ],
          [
            21,
            0.7048071613826323
          ]
        ]
      }
    }
  }
}