{
  "benchmark": "framework_comparison",
  "config": {
    "qubits": [
      6,
      8,
      10,
      12,
      14,
      16,
      18,
      20,
      22,
      24,
      26
    ],
    "circuits": [
      "ghz",
      "qft",
      "random",
      "qaoa"
    ],
    "backends": [
      "aer"
    ],
    "reps": 3,
    "double": false,
    "isolate": true,
    "mem_budget_gib": 57.6
  },
  "results": {
    "ghz": {
      "aer": [
        [
          6,
          0.00017162499716505408
        ],
        [
          8,
          0.00020829204004257917
        ],
        [
          10,
          0.00018975004786625504
        ],
        [
          12,
          0.00021570897661149502
        ],
        [
          14,
          0.00036337500205263495
        ],
        [
          16,
          0.0007001250050961971
        ],
        [
          18,
          0.0013228750322014093
        ],
        [
          20,
          0.004486540972720832
        ],
        [
          22,
          0.01970979099860415
        ],
        [
          24,
          0.08379941602470353
        ],
        [
          26,
          0.3291136670159176
        ]
      ]
    },
    "qft": {
      "aer": [
        [
          6,
          0.0004867499810643494
        ],
        [
          8,
          0.0006675830227322876
        ],
        [
          10,
          0.0009408750338479877
        ],
        [
          12,
          0.0013472079881466925
        ],
        [
          14,
          0.0022794579854235053
        ],
        [
          16,
          0.004607332986779511
        ],
        [
          18,
          0.006846165983006358
        ],
        [
          20,
          0.018873499997425824
        ],
        [
          22,
          0.0791239999816753
        ],
        [
          24,
          0.34183733398094773
        ],
        [
          26,
          1.5579343339777552
        ]
      ]
    },
    "random": {
      "aer": [
        [
          6,
          0.001164417015388608
        ],
        [
          8,
          0.001491667004302144
        ],
        [
          10,
          0.0020559590193443
        ],
        [
          12,
          0.003204457985702902
        ],
        [
          14,
          0.007433500024490058
        ],
        [
          16,
          0.006972750008571893
        ],
        [
          18,
          0.01469824998639524
        ],
        [
          20,
          0.051027291046921164
        ],
        [
          22,
          0.21391274995403364
        ],
        [
          24,
          0.9136182090151124
        ],
        [
          26,
          3.886452958045993
        ]
      ]
    },
    "qaoa": {
      "aer": [
        [
          6,
          0.0006215000175870955
        ],
        [
          8,
          0.0007707499898970127
        ],
        [
          10,
          0.0009855420212261379
        ],
        [
          12,
          0.001458749989978969
        ],
        [
          14,
          0.0031210409943014383
        ],
        [
          16,
          0.0027369160088710487
        ],
        [
          18,
          0.0048563749878667295
        ],
        [
          20,
          0.01619866699911654
        ],
        [
          22,
          0.06623666698578745
        ],
        [
          24,
          0.27104183402843773
        ],
        [
          26,
          1.1083001249935478
        ]
      ]
    }
  }
}