{
  "benchmark": "framework_comparison",
  "config": {
    "qubits": [
      6,
      8,
      10,
      12,
      14,
      16,
      18,
      20,
      22,
      24,
      26
    ],
    "circuits": [
      "ghz",
      "qft",
      "random",
      "qaoa"
    ],
    "backends": [
      "aer"
    ],
    "reps": 3,
    "double": false,
    "isolate": true,
    "mem_budget_gib": 57.6
  },
  "results": {
    "ghz": {
      "aer": [
        [
          6,
          0.00019591604359447956
        ],
        [
          8,
          0.0001889580162242055
        ],
        [
          10,
          0.0002322089858353138
        ],
        [
          12,
          0.0002459590323269367
        ],
        [
          14,
          0.00033358403015881777
        ],
        [
          16,
          0.0011275829747319221
        ],
        [
          18,
          0.0015160830225795507
        ],
        [
          20,
          0.0046743330312892795
        ],
        [
          22,
          0.01953212497755885
        ],
        [
          24,
          0.08609562506899238
        ],
        [
          26,
          0.36430920904967934
        ]
      ]
    },
    "qft": {
      "aer": [
        [
          6,
          0.0004747080383822322
        ],
        [
          8,
          0.0006687500281259418
        ],
        [
          10,
          0.0009957080474123359
        ],
        [
          12,
          0.0014501669211313128
        ],
        [
          14,
          0.002395333955064416
        ],
        [
          16,
          0.0037892089458182454
        ],
        [
          18,
          0.006768541061319411
        ],
        [
          20,
          0.019906791974790394
        ],
        [
          22,
          0.0864903749898076
        ],
        [
          24,
          0.36405758396722376
        ],
        [
          26,
          1.718663499923423
        ]
      ]
    },
    "random": {
      "aer": [
        [
          6,
          0.0012392919743433595
        ],
        [
          8,
          0.0016226250445470214
        ],
        [
          10,
          0.0020383750088512897
        ],
        [
          12,
          0.0032105830032378435
        ],
        [
          14,
          0.007520999992266297
        ],
        [
          16,
          0.007849792018532753
        ],
        [
          18,
          0.016713749966584146
        ],
        [
          20,
          0.05792679195292294
        ],
        [
          22,
          0.23225312493741512
        ],
        [
          24,
          1.0145141669781879
        ],
        [
          26,
          4.3159783750306815
        ]
      ]
    },
    "qaoa": {
      "aer": [
        [
          6,
          0.000637332908809185
        ],
        [
          8,
          0.0007705420721322298
        ],
        [
          10,
          0.000966083025559783
        ],
        [
          12,
          0.0014663749607279897
        ],
        [
          14,
          0.0030901660211384296
        ],
        [
          16,
          0.002765999990515411
        ],
        [
          18,
          0.0075272920075803995
        ],
        [
          20,
          0.017366957967169583
        ],
        [
          22,
          0.07213312503881752
        ],
        [
          24,
          0.2954818339785561
        ],
        [
          26,
          1.2562009999528527
        ]
      ]
    }
  }
}