{
  "benchmark": "framework_comparison",
  "config": {
    "qubits": [
      6,
      8,
      10,
      12,
      14,
      16,
      18,
      20,
      22,
      24
    ],
    "circuits": [
      "ghz",
      "qft",
      "random",
      "qaoa"
    ],
    "backends": [
      "macquerel-cpu"
    ],
    "reps": 3,
    "double": false,
    "isolate": true,
    "mem_budget_gib": 57.6
  },
  "results": {
    "ghz": {
      "macquerel-cpu": [
        [
          6,
          0.0003362080315127969
        ],
        [
          8,
          0.00047404190991073847
        ],
        [
          10,
          0.0006012499798089266
        ],
        [
          12,
          0.0007919579511508346
        ],
        [
          14,
          0.0009810830233618617
        ],
        [
          16,
          0.0014219169970601797
        ],
        [
          18,
          0.0028688330203294754
        ],
        [
          20,
          0.009115417022258043
        ],
        [
          22,
          0.032874458003789186
        ],
        [
          24,
          0.1522447500610724
        ]
      ]
    },
    "qft": {
      "macquerel-cpu": [
        [
          6,
          0.0009828750044107437
        ],
        [
          8,
          0.001717583043500781
        ],
        [
          10,
          0.002847749972715974
        ],
        [
          12,
          0.0040412499802187085
        ],
        [
          14,
          0.005871000001206994
        ],
        [
          16,
          0.009193292004056275
        ],
        [
          18,
          0.017444833065383136
        ],
        [
          20,
          0.04805479198694229
        ],
        [
          22,
          0.16093983291648328
        ],
        [
          24,
          0.7064890420297161
        ]
      ]
    },
    "random": {
      "macquerel-cpu": [
        [
          6,
          0.0060685829957947135
        ],
        [
          8,
          0.008235584013164043
        ],
        [
          10,
          0.010814624954946339
        ],
        [
          12,
          0.013250166084617376
        ],
        [
          14,
          0.016585125005804002
        ],
        [
          16,
          0.0230934169376269
        ],
        [
          18,
          0.04846133291721344
        ],
        [
          20,
          0.11537679098546505
        ],
        [
          22,
          0.4267620830796659
        ],
        [
          24,
          2.012542458018288
        ]
      ]
    },
    "qaoa": {
      "macquerel-cpu": [
        [
          6,
          0.0030592919792979956
        ],
        [
          8,
          0.004085958003997803
        ],
        [
          10,
          0.005088333040475845
        ],
        [
          12,
          0.006350582931190729
        ],
        [
          14,
          0.007779082981869578
        ],
        [
          16,
          0.010402709012851119
        ],
        [
          18,
          0.01644000003580004
        ],
        [
          20,
          0.04369274992495775
        ],
        [
          22,
          0.13927370798774064
        ],
        [
          24,
          0.5925942499889061
        ]
      ]
    }
  }
}