{
  "benchmark": "framework_comparison",
  "config": {
    "qubits": [
      6,
      8,
      10,
      12,
      14,
      16,
      18,
      20,
      22,
      24,
      26,
      28,
      30,
      32
    ],
    "circuits": [
      "ghz",
      "qft",
      "random",
      "qaoa"
    ],
    "backends": [
      "macquerel-metal"
    ],
    "reps": 1,
    "double": false,
    "isolate": true,
    "mem_budget_gib": 57.6
  },
  "results": {
    "ghz": {
      "macquerel-metal": [
        [
          6,
          0.0007034579757601023
        ],
        [
          8,
          0.0008291250560432673
        ],
        [
          10,
          0.000860749976709485
        ],
        [
          12,
          0.0010613750200718641
        ],
        [
          14,
          0.0016884580254554749
        ],
        [
          16,
          0.0012939170701429248
        ],
        [
          18,
          0.001634916989132762
        ],
        [
          20,
          0.0027872499777004123
        ],
        [
          22,
          0.006034167017787695
        ],
        [
          24,
          0.014914416009560227
        ],
        [
          26,
          0.05293154204264283
        ],
        [
          28,
          0.37371350009925663
        ],
        [
          30,
          1.5303414999507368
        ],
        [
          32,
          6.774634624947794
        ]
      ]
    },
    "qft": {
      "macquerel-metal": [
        [
          6,
          0.0015849589835852385
        ],
        [
          8,
          0.0023395420284941792
        ],
        [
          10,
          0.003122374997474253
        ],
        [
          12,
          0.004093124996870756
        ],
        [
          14,
          0.004617583006620407
        ],
        [
          16,
          0.006545583019033074
        ],
        [
          18,
          0.008884957991540432
        ],
        [
          20,
          0.011672791908495128
        ],
        [
          22,
          0.018505334039218724
        ],
        [
          24,
          0.06205695902463049
        ],
        [
          26,
          0.19994212500751019
        ],
        [
          28,
          0.9430528749944642
        ],
        [
          30,
          4.192826583981514
        ],
        [
          32,
          18.605286916019395
        ]
      ]
    },
    "random": {
      "macquerel-metal": [
        [
          6,
          0.006999125005677342
        ],
        [
          8,
          0.009243290987797081
        ],
        [
          10,
          0.011567125096917152
        ],
        [
          12,
          0.013766083982773125
        ],
        [
          14,
          0.01616820797789842
        ],
        [
          16,
          0.018844416015781462
        ],
        [
          18,
          0.027615875005722046
        ],
        [
          20,
          0.029060457949526608
        ],
        [
          22,
          0.05977558402810246
        ],
        [
          24,
          0.10379416705109179
        ],
        [
          26,
          0.31686474999878556
        ],
        [
          28,
          1.2998686250066385
        ],
        [
          30,
          5.8662753329845145
        ],
        [
          32,
          27.37798487499822
        ]
      ]
    },
    "qaoa": {
      "macquerel-metal": [
        [
          6,
          0.0038077080389484763
        ],
        [
          8,
          0.004518499947153032
        ],
        [
          10,
          0.005757416016422212
        ],
        [
          12,
          0.007292957976460457
        ],
        [
          14,
          0.007921332959085703
        ],
        [
          16,
          0.009329708060249686
        ],
        [
          18,
          0.010912624886259437
        ],
        [
          20,
          0.01345883309841156
        ],
        [
          22,
          0.018612582935020328
        ],
        [
          24,
          0.04315337503794581
        ],
        [
          26,
          0.13521862495690584
        ],
        [
          28,
          0.6006797910667956
        ],
        [
          30,
          2.726084041991271
        ],
        [
          32,
          11.392425333033316
        ]
      ]
    }
  }
}