{
  "benchmark": "framework_comparison",
  "config": {
    "qubits": [
      6,
      8,
      10,
      12,
      14,
      16,
      18,
      20,
      22,
      24,
      26,
      28,
      30,
      32
    ],
    "circuits": [
      "ghz",
      "qft",
      "random",
      "qaoa"
    ],
    "backends": [
      "macquerel-metal"
    ],
    "reps": 1,
    "double": false,
    "isolate": true,
    "mem_budget_gib": 57.6
  },
  "results": {
    "ghz": {
      "macquerel-metal": [
        [
          6,
          0.0007154169725254178
        ],
        [
          8,
          0.0008407499408349395
        ],
        [
          10,
          0.0009314590133726597
        ],
        [
          12,
          0.0011634168913587928
        ],
        [
          14,
          0.0011778330663219094
        ],
        [
          16,
          0.0013914579758420587
        ],
        [
          18,
          0.001768374931998551
        ],
        [
          20,
          0.003083958989009261
        ],
        [
          22,
          0.007627249928191304
        ],
        [
          24,
          0.019246415933594108
        ],
        [
          26,
          0.09250945795793086
        ],
        [
          28,
          0.3686702089617029
        ],
        [
          30,
          1.5794272919883952
        ],
        [
          32,
          6.675375291961245
        ]
      ]
    },
    "qft": {
      "macquerel-metal": [
        [
          6,
          0.0014172089286148548
        ],
        [
          8,
          0.002292584045790136
        ],
        [
          10,
          0.00328512501437217
        ],
        [
          12,
          0.004026624956168234
        ],
        [
          14,
          0.00523825001437217
        ],
        [
          16,
          0.006742791971191764
        ],
        [
          18,
          0.008781292010098696
        ],
        [
          20,
          0.01229537499602884
        ],
        [
          22,
          0.019425375037826598
        ],
        [
          24,
          0.07050995796453208
        ],
        [
          26,
          0.2365633751032874
        ],
        [
          28,
          0.9474400000181049
        ],
        [
          30,
          4.162993541918695
        ],
        [
          32,
          18.685886749997735
        ]
      ]
    },
    "random": {
      "macquerel-metal": [
        [
          6,
          0.006989083020016551
        ],
        [
          8,
          0.00883529195562005
        ],
        [
          10,
          0.011614584014751017
        ],
        [
          12,
          0.01413229200989008
        ],
        [
          14,
          0.01630141690839082
        ],
        [
          16,
          0.019109749933704734
        ],
        [
          18,
          0.02366624993737787
        ],
        [
          20,
          0.02909620793070644
        ],
        [
          22,
          0.060345540987327695
        ],
        [
          24,
          0.11150541598908603
        ],
        [
          26,
          0.35405695904046297
        ],
        [
          28,
          1.3244860409758985
        ],
        [
          30,
          5.936750167049468
        ],
        [
          32,
          28.48107958305627
        ]
      ]
    },
    "qaoa": {
      "macquerel-metal": [
        [
          6,
          0.0037703749258071184
        ],
        [
          8,
          0.0046967919915914536
        ],
        [
          10,
          0.005633791093714535
        ],
        [
          12,
          0.007033208035863936
        ],
        [
          14,
          0.008346458082087338
        ],
        [
          16,
          0.009603540995158255
        ],
        [
          18,
          0.011382792028598487
        ],
        [
          20,
          0.014294750057160854
        ],
        [
          22,
          0.02230479207355529
        ],
        [
          24,
          0.05424541688989848
        ],
        [
          26,
          0.16774720803368837
        ],
        [
          28,
          0.5914555420167744
        ],
        [
          30,
          2.6818746250355616
        ],
        [
          32,
          11.340503541054204
        ]
      ]
    }
  }
}