{
  "benchmark": "framework_comparison",
  "config": {
    "qubits": [
      6,
      8,
      10,
      12,
      14,
      16,
      18,
      20,
      22,
      24,
      26,
      28
    ],
    "circuits": [
      "ghz",
      "qft",
      "random",
      "qaoa"
    ],
    "backends": [
      "macquerel-mlx"
    ],
    "reps": 3,
    "double": false,
    "isolate": true,
    "mem_budget_gib": 57.6
  },
  "results": {
    "ghz": {
      "macquerel-mlx": [
        [
          6,
          0.001155459030997008
        ],
        [
          8,
          0.0014629170182161033
        ],
        [
          10,
          0.0016966249677352607
        ],
        [
          12,
          0.0018197500030510128
        ],
        [
          14,
          0.0018978749867528677
        ],
        [
          16,
          0.002460583986248821
        ],
        [
          18,
          0.0037668750155717134
        ],
        [
          20,
          0.006234790955204517
        ],
        [
          22,
          0.01990083302371204
        ],
        [
          24,
          0.08293616701848805
        ],
        [
          26,
          0.3582824590266682
        ],
        [
          28,
          1.5824072500108741
        ]
      ]
    },
    "qft": {
      "macquerel-mlx": [
        [
          6,
          0.0021079170401208103
        ],
        [
          8,
          0.0038617500104010105
        ],
        [
          10,
          0.0052053750259801745
        ],
        [
          12,
          0.0073155410354956985
        ],
        [
          14,
          0.010318582993932068
        ],
        [
          16,
          0.013678083952981979
        ],
        [
          18,
          0.017863708024378866
        ],
        [
          20,
          0.034828250005375594
        ],
        [
          22,
          0.13202929199906066
        ],
        [
          24,
          0.5662203330430202
        ],
        [
          26,
          2.562920917000156
        ],
        [
          28,
          11.898026958981063
        ]
      ]
    },
    "random": {
      "macquerel-mlx": [
        [
          6,
          0.014236832968890667
        ],
        [
          8,
          0.018192125018686056
        ],
        [
          10,
          0.02266366599360481
        ],
        [
          12,
          0.02725762501358986
        ],
        [
          14,
          0.038990417029708624
        ],
        [
          16,
          0.040237167035229504
        ],
        [
          18,
          0.04627395898569375
        ],
        [
          20,
          0.09778325003571808
        ],
        [
          22,
          0.35342254204442725
        ],
        [
          24,
          1.4275809170212597
        ],
        [
          26,
          6.081216832972132
        ],
        [
          28,
          39.78813954204088
        ]
      ]
    },
    "qaoa": {
      "macquerel-mlx": [
        [
          6,
          0.005682874994818121
        ],
        [
          8,
          0.007325834012590349
        ],
        [
          10,
          0.009227957983966917
        ],
        [
          12,
          0.01096099999267608
        ],
        [
          14,
          0.013194667000789195
        ],
        [
          16,
          0.015420625044498593
        ],
        [
          18,
          0.018022332980763167
        ],
        [
          20,
          0.02489954198244959
        ],
        [
          22,
          0.05609645799268037
        ],
        [
          24,
          0.1939850830240175
        ],
        [
          26,
          0.7455216669477522
        ],
        [
          28,
          3.173261417017784
        ]
      ]
    }
  }
}