{
  "benchmark": "framework_comparison",
  "config": {
    "qubits": [
      6,
      8,
      10,
      12,
      14,
      16,
      18,
      20,
      22,
      24,
      26,
      28
    ],
    "circuits": [
      "ghz",
      "qft",
      "random",
      "qaoa"
    ],
    "backends": [
      "macquerel-mlx"
    ],
    "reps": 3,
    "double": false,
    "isolate": true,
    "mem_budget_gib": 57.6
  },
  "results": {
    "ghz": {
      "macquerel-mlx": [
        [
          6,
          0.0013722500298172235
        ],
        [
          8,
          0.001628750003874302
        ],
        [
          10,
          0.0017555829836055636
        ],
        [
          12,
          0.0016819160664454103
        ],
        [
          14,
          0.002101624966599047
        ],
        [
          16,
          0.002808709046803415
        ],
        [
          18,
          0.0038797910092398524
        ],
        [
          20,
          0.008151458925567567
        ],
        [
          22,
          0.021135582937859
        ],
        [
          24,
          0.08868254092521966
        ],
        [
          26,
          0.35701945796608925
        ],
        [
          28,
          1.4975715420441702
        ]
      ]
    },
    "qft": {
      "macquerel-mlx": [
        [
          6,
          0.0025735420640558004
        ],
        [
          8,
          0.004113874980248511
        ],
        [
          10,
          0.005541292019188404
        ],
        [
          12,
          0.0074468329548835754
        ],
        [
          14,
          0.010296916938386858
        ],
        [
          16,
          0.013201917055994272
        ],
        [
          18,
          0.01717524998821318
        ],
        [
          20,
          0.02249866700731218
        ],
        [
          22,
          0.04276433296035975
        ],
        [
          24,
          0.12055508396588266
        ],
        [
          26,
          0.48077174997888505
        ],
        [
          28,
          1.9614118749741465
        ]
      ]
    },
    "random": {
      "macquerel-mlx": [
        [
          6,
          0.010720208985731006
        ],
        [
          8,
          0.014888999983668327
        ],
        [
          10,
          0.018915415974333882
        ],
        [
          12,
          0.023202416952699423
        ],
        [
          14,
          0.02779204200487584
        ],
        [
          16,
          0.030860292026773095
        ],
        [
          18,
          0.035557584022171795
        ],
        [
          20,
          0.04179579089395702
        ],
        [
          22,
          0.06163749995175749
        ],
        [
          24,
          0.13196308398619294
        ],
        [
          26,
          0.5882378329988569
        ],
        [
          28,
          1.6452145000221208
        ]
      ]
    },
    "qaoa": {
      "macquerel-mlx": [
        [
          6,
          0.00561487500090152
        ],
        [
          8,
          0.007708583027124405
        ],
        [
          10,
          0.00939512497279793
        ],
        [
          12,
          0.011260375031270087
        ],
        [
          14,
          0.013072584057226777
        ],
        [
          16,
          0.014464458101429045
        ],
        [
          18,
          0.01656224997714162
        ],
        [
          20,
          0.019924832973629236
        ],
        [
          22,
          0.024744042078964412
        ],
        [
          24,
          0.041920333984307945
        ],
        [
          26,
          0.13880587497260422
        ],
        [
          28,
          0.4779194589937106
        ]
      ]
    }
  }
}