{
  "benchmark": "framework_comparison",
  "config": {
    "qubits": [
      6,
      8,
      10,
      12,
      14,
      16,
      18,
      20,
      22,
      24,
      26,
      28,
      30,
      32
    ],
    "circuits": [
      "ghz",
      "qft",
      "random",
      "qaoa"
    ],
    "backends": [
      "macquerel-metal"
    ],
    "reps": 1,
    "double": false,
    "isolate": true,
    "mem_budget_gib": 57.6
  },
  "results": {
    "ghz": {
      "macquerel-metal": [
        [
          6,
          0.0012855409877374768
        ],
        [
          8,
          0.0012055409606546164
        ],
        [
          10,
          0.0015118749579414725
        ],
        [
          12,
          0.0014059169916436076
        ],
        [
          14,
          0.0016651250189170241
        ],
        [
          16,
          0.0016952499281615019
        ],
        [
          18,
          0.0016311249928548932
        ],
        [
          20,
          0.0028863749466836452
        ],
        [
          22,
          0.005823333980515599
        ],
        [
          24,
          0.01366350008174777
        ],
        [
          26,
          0.04589108400978148
        ],
        [
          28,
          0.3267894589807838
        ],
        [
          30,
          1.5604691669577733
        ],
        [
          32,
          7.160713375080377
        ]
      ]
    },
    "qft": {
      "macquerel-metal": [
        [
          6,
          0.0017354999436065555
        ],
        [
          8,
          0.0024799159727990627
        ],
        [
          10,
          0.003209416987374425
        ],
        [
          12,
          0.004105915897525847
        ],
        [
          14,
          0.005134541890583932
        ],
        [
          16,
          0.006684500025585294
        ],
        [
          18,
          0.008682915940880775
        ],
        [
          20,
          0.012082958011887968
        ],
        [
          22,
          0.018220084020867944
        ],
        [
          24,
          0.060995333013124764
        ],
        [
          26,
          0.19926091691013426
        ],
        [
          28,
          0.95955450006295
        ],
        [
          30,
          4.156010209000669
        ],
        [
          32,
          18.89445887506008
        ]
      ]
    },
    "random": {
      "macquerel-metal": [
        [
          6,
          0.0070165409706532955
        ],
        [
          8,
          0.00880129192955792
        ],
        [
          10,
          0.011742417002096772
        ],
        [
          12,
          0.014049208955839276
        ],
        [
          14,
          0.016037542023696005
        ],
        [
          16,
          0.018970416043885052
        ],
        [
          18,
          0.023446250008419156
        ],
        [
          20,
          0.02884495898615569
        ],
        [
          22,
          0.05848591693211347
        ],
        [
          24,
          0.10284254199359566
        ],
        [
          26,
          0.3225351250730455
        ],
        [
          28,
          1.3095195420319214
        ],
        [
          30,
          5.922815083991736
        ],
        [
          32,
          28.197657999931835
        ]
      ]
    },
    "qaoa": {
      "macquerel-metal": [
        [
          6,
          0.003737500053830445
        ],
        [
          8,
          0.00460479105822742
        ],
        [
          10,
          0.005754957906901836
        ],
        [
          12,
          0.0070642499485984445
        ],
        [
          14,
          0.008177500101737678
        ],
        [
          16,
          0.009626833023503423
        ],
        [
          18,
          0.010998999932780862
        ],
        [
          20,
          0.014134375029243529
        ],
        [
          22,
          0.020523375016637146
        ],
        [
          24,
          0.04307616699952632
        ],
        [
          26,
          0.12901966704521328
        ],
        [
          28,
          0.6028981249546632
        ],
        [
          30,
          2.7453325840178877
        ],
        [
          32,
          11.888566334033385
        ]
      ]
    }
  }
}