{
  "benchmark": "framework_comparison",
  "config": {
    "qubits": [
      6,
      8,
      10,
      12,
      14,
      16,
      18,
      20,
      22,
      24
    ],
    "circuits": [
      "ghz",
      "qft",
      "random",
      "qaoa"
    ],
    "backends": [
      "macquerel-cpu"
    ],
    "reps": 3,
    "double": false,
    "isolate": true,
    "mem_budget_gib": 57.6
  },
  "results": {
    "ghz": {
      "macquerel-cpu": [
        [
          6,
          0.0004463329678401351
        ],
        [
          8,
          0.0006275830091908574
        ],
        [
          10,
          0.0008699169848114252
        ],
        [
          12,
          0.001036665984429419
        ],
        [
          14,
          0.001260042015928775
        ],
        [
          16,
          0.001722250017337501
        ],
        [
          18,
          0.0030889170011505485
        ],
        [
          20,
          0.009826958004850894
        ],
        [
          22,
          0.04472991597140208
        ],
        [
          24,
          0.18781799997668713
        ]
      ]
    },
    "qft": {
      "macquerel-cpu": [
        [
          6,
          0.001588666986208409
        ],
        [
          8,
          0.0029170839698053896
        ],
        [
          10,
          0.004339833045378327
        ],
        [
          12,
          0.006414417002815753
        ],
        [
          14,
          0.009294292016420513
        ],
        [
          16,
          0.014778000011574477
        ],
        [
          18,
          0.03223104204516858
        ],
        [
          20,
          0.12240537500474602
        ],
        [
          22,
          0.6800866249832325
        ],
        [
          24,
          3.094131916994229
        ]
      ]
    },
    "random": {
      "macquerel-cpu": [
        [
          6,
          0.010785124963149428
        ],
        [
          8,
          0.01448183401953429
        ],
        [
          10,
          0.018251708010211587
        ],
        [
          12,
          0.023402292048558593
        ],
        [
          14,
          0.029410084011033177
        ],
        [
          16,
          0.04233795905020088
        ],
        [
          18,
          0.08320404205005616
        ],
        [
          20,
          0.3270918340422213
        ],
        [
          22,
          1.4821828749845736
        ],
        [
          24,
          6.772737750026863
        ]
      ]
    },
    "qaoa": {
      "macquerel-cpu": [
        [
          6,
          0.004660791018977761
        ],
        [
          8,
          0.006663709005806595
        ],
        [
          10,
          0.008270999998785555
        ],
        [
          12,
          0.010107957990840077
        ],
        [
          14,
          0.012484417005907744
        ],
        [
          16,
          0.015497624990530312
        ],
        [
          18,
          0.02495066705159843
        ],
        [
          20,
          0.07229041599202901
        ],
        [
          22,
          0.38094508298672736
        ],
        [
          24,
          1.3806698329863138
        ]
      ]
    }
  }
}