{
  "benchmark": "framework_comparison",
  "config": {
    "qubits": [
      6,
      8,
      10,
      12,
      14,
      16,
      18,
      20,
      22,
      24,
      26,
      28
    ],
    "circuits": [
      "ghz",
      "qft",
      "random",
      "qaoa"
    ],
    "backends": [
      "macquerel-mlx"
    ],
    "reps": 3,
    "double": false,
    "isolate": true,
    "mem_budget_gib": 57.6
  },
  "results": {
    "ghz": {
      "macquerel-mlx": [
        [
          6,
          0.0013781249290332198
        ],
        [
          8,
          0.001494749914854765
        ],
        [
          10,
          0.0018042080337181687
        ],
        [
          12,
          0.001686332980170846
        ],
        [
          14,
          0.0023190840147435665
        ],
        [
          16,
          0.0028444170020520687
        ],
        [
          18,
          0.003640750073827803
        ],
        [
          20,
          0.006344833062030375
        ],
        [
          22,
          0.020066167111508548
        ],
        [
          24,
          0.08767791592981666
        ],
        [
          26,
          0.37172533303964883
        ],
        [
          28,
          1.5756876249797642
        ]
      ]
    },
    "qft": {
      "macquerel-mlx": [
        [
          6,
          0.002409457927569747
        ],
        [
          8,
          0.0039146250346675515
        ],
        [
          10,
          0.005447500036098063
        ],
        [
          12,
          0.007477042032405734
        ],
        [
          14,
          0.010447749984450638
        ],
        [
          16,
          0.014376915991306305
        ],
        [
          18,
          0.018090917030349374
        ],
        [
          20,
          0.03334245807491243
        ],
        [
          22,
          0.10818329197354615
        ],
        [
          24,
          0.4409858329454437
        ],
        [
          26,
          1.9944812080357224
        ],
        [
          28,
          9.19292012497317
        ]
      ]
    },
    "random": {
      "macquerel-mlx": [
        [
          6,
          0.010651459102518857
        ],
        [
          8,
          0.014712959062308073
        ],
        [
          10,
          0.01841429201886058
        ],
        [
          12,
          0.022627374972216785
        ],
        [
          14,
          0.026994709041900933
        ],
        [
          16,
          0.03125308302696794
        ],
        [
          18,
          0.03950433304999024
        ],
        [
          20,
          0.04081637493800372
        ],
        [
          22,
          0.07284716598223895
        ],
        [
          24,
          0.1714919579681009
        ],
        [
          26,
          0.8211110830307007
        ],
        [
          28,
          2.7460069590015337
        ]
      ]
    },
    "qaoa": {
      "macquerel-mlx": [
        [
          6,
          0.00609454105142504
        ],
        [
          8,
          0.007709541940130293
        ],
        [
          10,
          0.008818333968520164
        ],
        [
          12,
          0.011404833057895303
        ],
        [
          14,
          0.013429708080366254
        ],
        [
          16,
          0.016195207950659096
        ],
        [
          18,
          0.017964333994314075
        ],
        [
          20,
          0.02219733304809779
        ],
        [
          22,
          0.02937387500423938
        ],
        [
          24,
          0.05568041605874896
        ],
        [
          26,
          0.24989533401094377
        ],
        [
          28,
          1.401746749994345
        ]
      ]
    }
  }
}