{
  "benchmark": "framework_comparison",
  "config": {
    "qubits": [
      6,
      8,
      10,
      12,
      14,
      16,
      18,
      20,
      22,
      24,
      26,
      28,
      30,
      32
    ],
    "circuits": [
      "ghz",
      "qft",
      "random",
      "qaoa"
    ],
    "backends": [
      "macquerel-metal"
    ],
    "reps": 1,
    "double": false,
    "isolate": true,
    "mem_budget_gib": 57.6
  },
  "results": {
    "ghz": {
      "macquerel-metal": [
        [
          6,
          0.0020045420387759805
        ],
        [
          8,
          0.0022715420345775783
        ],
        [
          10,
          0.002599500003270805
        ],
        [
          12,
          0.002616124984342605
        ],
        [
          14,
          0.005441707966383547
        ],
        [
          16,
          0.0050200000405311584
        ],
        [
          18,
          0.007225042034406215
        ],
        [
          20,
          0.010254291992168874
        ],
        [
          22,
          0.013094167050439864
        ],
        [
          24,
          0.03376566700171679
        ],
        [
          26,
          0.13468224997632205
        ],
        [
          28,
          0.5120158749632537
        ],
        [
          30,
          2.291078124952037
        ],
        [
          32,
          9.640208291006275
        ]
      ]
    },
    "qft": {
      "macquerel-metal": [
        [
          6,
          0.005563916987739503
        ],
        [
          8,
          0.01091029099188745
        ],
        [
          10,
          0.011569791997317225
        ],
        [
          12,
          0.01341462496202439
        ],
        [
          14,
          0.016757457982748747
        ],
        [
          16,
          0.019757292000576854
        ],
        [
          18,
          0.025920625019352883
        ],
        [
          20,
          0.034076042007654905
        ],
        [
          22,
          0.0559993339702487
        ],
        [
          24,
          0.1576554580242373
        ],
        [
          26,
          0.5232877910020761
        ],
        [
          28,
          2.1062239999882877
        ],
        [
          30,
          9.249101958994288
        ],
        [
          32,
          40.837572125019506
        ]
      ]
    },
    "random": {
      "macquerel-metal": [
        [
          6,
          0.022456041013356298
        ],
        [
          8,
          0.0308185419999063
        ],
        [
          10,
          0.03811824996955693
        ],
        [
          12,
          0.047209458018187433
        ],
        [
          14,
          0.05527745798463002
        ],
        [
          16,
          0.06714854197343811
        ],
        [
          18,
          0.07572995801456273
        ],
        [
          20,
          0.10734449996380135
        ],
        [
          22,
          0.20134483301080763
        ],
        [
          24,
          0.5305027079884894
        ],
        [
          26,
          1.9262789589702152
        ],
        [
          28,
          7.8679985830094665
        ],
        [
          30,
          35.21057362499414
        ],
        [
          32,
          152.54046966700116
        ]
      ]
    },
    "qaoa": {
      "macquerel-metal": [
        [
          6,
          0.013882707979064435
        ],
        [
          8,
          0.01133387500885874
        ],
        [
          10,
          0.015831375028938055
        ],
        [
          12,
          0.025867874966934323
        ],
        [
          14,
          0.024201792024541646
        ],
        [
          16,
          0.022298875031992793
        ],
        [
          18,
          0.028726832999382168
        ],
        [
          20,
          0.02911558299092576
        ],
        [
          22,
          0.04534370795590803
        ],
        [
          24,
          0.10899087501456961
        ],
        [
          26,
          0.34345674997894093
        ],
        [
          28,
          1.3717438750318252
        ],
        [
          30,
          5.749506124993786
        ],
        [
          32,
          25.019523542025127
        ]
      ]
    }
  }
}