{
  "benchmark": "framework_comparison",
  "config": {
    "qubits": [
      6,
      8,
      10,
      12,
      14,
      16,
      18,
      20,
      22,
      24,
      26,
      28,
      30
    ],
    "circuits": [
      "ghz",
      "qft",
      "random",
      "qaoa"
    ],
    "backends": [
      "macquerel-mlx"
    ],
    "reps": 3,
    "double": false,
    "isolate": true,
    "mem_budget_gib": 57.6
  },
  "results": {
    "ghz": {
      "macquerel-mlx": [
        [
          6,
          0.00105441699270159
        ],
        [
          8,
          0.0009832909563556314
        ],
        [
          10,
          0.001195208984427154
        ],
        [
          12,
          0.0013830410316586494
        ],
        [
          14,
          0.0017380419885739684
        ],
        [
          16,
          0.0020303339697420597
        ],
        [
          18,
          0.002705542021431029
        ],
        [
          20,
          0.0031206670682877302
        ],
        [
          22,
          0.00658762501552701
        ],
        [
          24,
          0.013735417043790221
        ],
        [
          26,
          0.049673583009280264
        ],
        [
          28,
          0.17943291598930955
        ],
        [
          30,
          2.3315501250326633
        ]
      ]
    },
    "qft": {
      "macquerel-mlx": [
        [
          6,
          0.0025853340048342943
        ],
        [
          8,
          0.003893416956998408
        ],
        [
          10,
          0.005624249926768243
        ],
        [
          12,
          0.007110000005923212
        ],
        [
          14,
          0.009856750024482608
        ],
        [
          16,
          0.012915665982291102
        ],
        [
          18,
          0.015923250000923872
        ],
        [
          20,
          0.021041792002506554
        ],
        [
          22,
          0.029228833969682455
        ],
        [
          24,
          0.058768165996298194
        ],
        [
          26,
          0.1961510410765186
        ],
        [
          28,
          0.7630305839702487
        ],
        [
          30,
          4.779107374954037
        ]
      ]
    },
    "random": {
      "macquerel-mlx": [
        [
          6,
          0.00988579192198813
        ],
        [
          8,
          0.015468250028789043
        ],
        [
          10,
          0.019610165967606008
        ],
        [
          12,
          0.023548832978121936
        ],
        [
          14,
          0.028228542068973184
        ],
        [
          16,
          0.03138854098506272
        ],
        [
          18,
          0.03624162496998906
        ],
        [
          20,
          0.04265470791142434
        ],
        [
          22,
          0.051092250039801
        ],
        [
          24,
          0.10479520901571959
        ],
        [
          26,
          0.31845091690775007
        ],
        [
          28,
          1.139122833032161
        ],
        [
          30,
          6.649005125043914
        ]
      ]
    },
    "qaoa": {
      "macquerel-mlx": [
        [
          6,
          0.005915916059166193
        ],
        [
          8,
          0.00784350000321865
        ],
        [
          10,
          0.009594792034476995
        ],
        [
          12,
          0.0109717498999089
        ],
        [
          14,
          0.012915958068333566
        ],
        [
          16,
          0.01575929205864668
        ],
        [
          18,
          0.0164156659739092
        ],
        [
          20,
          0.020380583009682596
        ],
        [
          22,
          0.025773291941732168
        ],
        [
          24,
          0.04230699990876019
        ],
        [
          26,
          0.12318883300758898
        ],
        [
          28,
          0.4431501249782741
        ],
        [
          30,
          3.8450701660476625
        ]
      ]
    }
  }
}