{
  "benchmark": "framework_comparison",
  "config": {
    "qubits": [
      6,
      8,
      10,
      12,
      14,
      16,
      18,
      20,
      22,
      24,
      26,
      28,
      30,
      32
    ],
    "circuits": [
      "ghz",
      "qft",
      "random",
      "qaoa"
    ],
    "backends": [
      "macquerel-metal"
    ],
    "reps": 1,
    "double": false,
    "isolate": true,
    "mem_budget_gib": 57.6
  },
  "results": {
    "ghz": {
      "macquerel-metal": [
        [
          6,
          0.0013970410218462348
        ],
        [
          8,
          0.001260792021639645
        ],
        [
          10,
          0.001800375059247017
        ],
        [
          12,
          0.0022712089121341705
        ],
        [
          14,
          0.0023219999857246876
        ],
        [
          16,
          0.002680709003470838
        ],
        [
          18,
          0.0029619589913636446
        ],
        [
          20,
          0.003925208002328873
        ],
        [
          22,
          0.007477083010599017
        ],
        [
          24,
          0.025630375021137297
        ],
        [
          26,
          0.08920808404218405
        ],
        [
          28,
          0.35983895894605666
        ],
        [
          30,
          1.5675975000485778
        ],
        [
          32,
          6.676484292023815
        ]
      ]
    },
    "qft": {
      "macquerel-metal": [
        [
          6,
          0.003001666977070272
        ],
        [
          8,
          0.00421487505082041
        ],
        [
          10,
          0.005666958051733673
        ],
        [
          12,
          0.007623292040079832
        ],
        [
          14,
          0.010430415975861251
        ],
        [
          16,
          0.0131104999454692
        ],
        [
          18,
          0.01601362507790327
        ],
        [
          20,
          0.022062416072003543
        ],
        [
          22,
          0.03028158308006823
        ],
        [
          24,
          0.06908716692123562
        ],
        [
          26,
          0.2325297089992091
        ],
        [
          28,
          0.9535625000717118
        ],
        [
          30,
          4.145191041054204
        ],
        [
          32,
          18.876623749965802
        ]
      ]
    },
    "random": {
      "macquerel-metal": [
        [
          6,
          0.011271332972683012
        ],
        [
          8,
          0.015505334013141692
        ],
        [
          10,
          0.019956915988586843
        ],
        [
          12,
          0.025336625054478645
        ],
        [
          14,
          0.028560750070028007
        ],
        [
          16,
          0.032959959004074335
        ],
        [
          18,
          0.0368511249544099
        ],
        [
          20,
          0.040902708075009286
        ],
        [
          22,
          0.05701883393339813
        ],
        [
          24,
          0.10086387500632554
        ],
        [
          26,
          0.3487486250232905
        ],
        [
          28,
          1.3136708750389516
        ],
        [
          30,
          6.115741499932483
        ],
        [
          32,
          27.767290540970862
        ]
      ]
    },
    "qaoa": {
      "macquerel-metal": [
        [
          6,
          0.005937041016295552
        ],
        [
          8,
          0.008826875011436641
        ],
        [
          10,
          0.009510208037681878
        ],
        [
          12,
          0.011104083969257772
        ],
        [
          14,
          0.013199624954722822
        ],
        [
          16,
          0.015343624982051551
        ],
        [
          18,
          0.017066334025003016
        ],
        [
          20,
          0.021406124928034842
        ],
        [
          22,
          0.026027375017292798
        ],
        [
          24,
          0.04741087497677654
        ],
        [
          26,
          0.1441484580282122
        ],
        [
          28,
          0.5864418749697506
        ],
        [
          30,
          2.6230667079798877
        ],
        [
          32,
          11.448726915987208
        ]
      ]
    }
  }
}