{
  "benchmark": "framework_comparison",
  "config": {
    "qubits": [
      6,
      8,
      10,
      12,
      14,
      16,
      18,
      20,
      22,
      24,
      26,
      28
    ],
    "circuits": [
      "ghz",
      "qft",
      "random",
      "qaoa"
    ],
    "backends": [
      "macquerel-mlx"
    ],
    "reps": 3,
    "double": false,
    "isolate": true,
    "mem_budget_gib": 57.6
  },
  "results": {
    "ghz": {
      "macquerel-mlx": [
        [
          6,
          0.0009011250222101808
        ],
        [
          8,
          0.0011898340890184045
        ],
        [
          10,
          0.0015053750248625875
        ],
        [
          12,
          0.0016257910756394267
        ],
        [
          14,
          0.0020169579656794667
        ],
        [
          16,
          0.0028535000747069716
        ],
        [
          18,
          0.004036832950077951
        ],
        [
          20,
          0.006434250040911138
        ],
        [
          22,
          0.02042712504044175
        ],
        [
          24,
          0.0863679579924792
        ],
        [
          26,
          0.36483112489804626
        ],
        [
          28,
          1.534235249971971
        ]
      ]
    },
    "qft": {
      "macquerel-mlx": [
        [
          6,
          0.0024339999072253704
        ],
        [
          8,
          0.004096833057701588
        ],
        [
          10,
          0.005554666975513101
        ],
        [
          12,
          0.007638541981577873
        ],
        [
          14,
          0.010660083033144474
        ],
        [
          16,
          0.014387290924787521
        ],
        [
          18,
          0.017906958935782313
        ],
        [
          20,
          0.033462375053204596
        ],
        [
          22,
          0.108300874941051
        ],
        [
          24,
          0.4380292920395732
        ],
        [
          26,
          1.957181915990077
        ],
        [
          28,
          9.027156958007254
        ]
      ]
    },
    "random": {
      "macquerel-mlx": [
        [
          6,
          0.01024041697382927
        ],
        [
          8,
          0.015110749984160066
        ],
        [
          10,
          0.01921349996700883
        ],
        [
          12,
          0.023097708937712014
        ],
        [
          14,
          0.02714383404236287
        ],
        [
          16,
          0.03220600006170571
        ],
        [
          18,
          0.03942166699562222
        ],
        [
          20,
          0.04349625005852431
        ],
        [
          22,
          0.07331679202616215
        ],
        [
          24,
          0.17996254190802574
        ],
        [
          26,
          0.8168670419836417
        ],
        [
          28,
          2.693681166972965
        ]
      ]
    },
    "qaoa": {
      "macquerel-mlx": [
        [
          6,
          0.00597637495957315
        ],
        [
          8,
          0.007945291930809617
        ],
        [
          10,
          0.009288500063121319
        ],
        [
          12,
          0.011387749924324453
        ],
        [
          14,
          0.012379540945403278
        ],
        [
          16,
          0.015123249962925911
        ],
        [
          18,
          0.017451874911785126
        ],
        [
          20,
          0.019738459028303623
        ],
        [
          22,
          0.0271699579898268
        ],
        [
          24,
          0.05437883303966373
        ],
        [
          26,
          0.2518390000332147
        ],
        [
          28,
          1.38804024993442
        ]
      ]
    }
  }
}