{
  "benchmark": "framework_comparison",
  "config": {
    "qubits": [
      6,
      8,
      10,
      12,
      14,
      16,
      18,
      20,
      22,
      24
    ],
    "circuits": [
      "ghz",
      "qft",
      "random",
      "qaoa"
    ],
    "backends": [
      "macquerel-cpu"
    ],
    "reps": 3,
    "double": false,
    "isolate": true,
    "mem_budget_gib": 57.6
  },
  "results": {
    "ghz": {
      "macquerel-cpu": [
        [
          6,
          0.0004748329520225525
        ],
        [
          8,
          0.0006825830787420273
        ],
        [
          10,
          0.000935708056204021
        ],
        [
          12,
          0.0010769580258056521
        ],
        [
          14,
          0.0013539160136133432
        ],
        [
          16,
          0.001817332929931581
        ],
        [
          18,
          0.002928332891315222
        ],
        [
          20,
          0.008190041990019381
        ],
        [
          22,
          0.04110270901583135
        ],
        [
          24,
          0.17930433293804526
        ]
      ]
    },
    "qft": {
      "macquerel-cpu": [
        [
          6,
          0.0016689160838723183
        ],
        [
          8,
          0.00310233305208385
        ],
        [
          10,
          0.004696457996033132
        ],
        [
          12,
          0.006385333021171391
        ],
        [
          14,
          0.009228665963746607
        ],
        [
          16,
          0.01285237492993474
        ],
        [
          18,
          0.020844707963988185
        ],
        [
          20,
          0.04760770907159895
        ],
        [
          22,
          0.18590720801148564
        ],
        [
          24,
          0.8491967919981107
        ]
      ]
    },
    "random": {
      "macquerel-cpu": [
        [
          6,
          0.009706292068585753
        ],
        [
          8,
          0.013934124959632754
        ],
        [
          10,
          0.017738583032041788
        ],
        [
          12,
          0.02051654108799994
        ],
        [
          14,
          0.026550833019427955
        ],
        [
          16,
          0.032749999896623194
        ],
        [
          18,
          0.0517002500128001
        ],
        [
          20,
          0.11178054194897413
        ],
        [
          22,
          0.595749375061132
        ],
        [
          24,
          3.1107342920731753
        ]
      ]
    },
    "qaoa": {
      "macquerel-cpu": [
        [
          6,
          0.004852500045672059
        ],
        [
          8,
          0.006396207958459854
        ],
        [
          10,
          0.00796333304606378
        ],
        [
          12,
          0.010262500029057264
        ],
        [
          14,
          0.011615041992627084
        ],
        [
          16,
          0.014656541054137051
        ],
        [
          18,
          0.02045883401297033
        ],
        [
          20,
          0.045024999999441206
        ],
        [
          22,
          0.1769021248910576
        ],
        [
          24,
          0.7341595829930156
        ]
      ]
    }
  }
}