{
  "benchmark": "framework_comparison",
  "config": {
    "qubits": [
      6,
      8,
      10,
      12,
      14,
      16,
      18,
      20,
      22,
      24
    ],
    "circuits": [
      "ghz",
      "qft",
      "random",
      "qaoa"
    ],
    "backends": [
      "macquerel-cpu"
    ],
    "reps": 3,
    "double": false,
    "isolate": true,
    "mem_budget_gib": 57.6
  },
  "results": {
    "ghz": {
      "macquerel-cpu": [
        [
          6,
          0.00034966692328453064
        ],
        [
          8,
          0.0004818330053240061
        ],
        [
          10,
          0.0006357909878715873
        ],
        [
          12,
          0.0008151250658556819
        ],
        [
          14,
          0.001047166995704174
        ],
        [
          16,
          0.0015056250849738717
        ],
        [
          18,
          0.0031270410399883986
        ],
        [
          20,
          0.008508375030942261
        ],
        [
          22,
          0.03959141706582159
        ],
        [
          24,
          0.17870637495070696
        ]
      ]
    },
    "qft": {
      "macquerel-cpu": [
        [
          6,
          0.0009679999202489853
        ],
        [
          8,
          0.0016118750208988786
        ],
        [
          10,
          0.0027420410187914968
        ],
        [
          12,
          0.00414270895998925
        ],
        [
          14,
          0.005929083097726107
        ],
        [
          16,
          0.009042167104780674
        ],
        [
          18,
          0.01747037493623793
        ],
        [
          20,
          0.04736291593872011
        ],
        [
          22,
          0.1865140839945525
        ],
        [
          24,
          0.8618075420381501
        ]
      ]
    },
    "random": {
      "macquerel-cpu": [
        [
          6,
          0.005893124965950847
        ],
        [
          8,
          0.008802915923297405
        ],
        [
          10,
          0.010612917016260326
        ],
        [
          12,
          0.01331412501167506
        ],
        [
          14,
          0.016945416922681034
        ],
        [
          16,
          0.023719666991382837
        ],
        [
          18,
          0.051033665891736746
        ],
        [
          20,
          0.1152946250513196
        ],
        [
          22,
          0.6351675409823656
        ],
        [
          24,
          3.104107875027694
        ]
      ]
    },
    "qaoa": {
      "macquerel-cpu": [
        [
          6,
          0.0030736250337213278
        ],
        [
          8,
          0.003997583989985287
        ],
        [
          10,
          0.005023083998821676
        ],
        [
          12,
          0.006200042087584734
        ],
        [
          14,
          0.00773845799267292
        ],
        [
          16,
          0.010216000024229288
        ],
        [
          18,
          0.017159291077405214
        ],
        [
          20,
          0.04886074992828071
        ],
        [
          22,
          0.20252874994184822
        ],
        [
          24,
          0.7250774999847636
        ]
      ]
    }
  }
}