{
  "benchmark": "framework_comparison",
  "config": {
    "qubits": [
      6,
      8,
      10,
      12,
      14,
      16,
      18,
      20,
      22,
      24
    ],
    "circuits": [
      "ghz",
      "qft",
      "random",
      "qaoa"
    ],
    "backends": [
      "qulacs"
    ],
    "reps": 3,
    "double": false,
    "isolate": true,
    "mem_budget_gib": 57.6
  },
  "results": {
    "ghz": {
      "qulacs": [
        [
          6,
          6.124959327280521e-06
        ],
        [
          8,
          7.792026735842228e-06
        ],
        [
          10,
          9.792041964828968e-06
        ],
        [
          12,
          1.7040991224348545e-05
        ],
        [
          14,
          5.258398596197367e-05
        ],
        [
          16,
          0.00019450008403509855
        ],
        [
          18,
          0.0008072919445112348
        ],
        [
          20,
          0.0035452500451356173
        ],
        [
          22,
          0.01927324989810586
        ],
        [
          24,
          0.08044095896184444
        ]
      ]
    },
    "qft": {
      "qulacs": [
        [
          6,
          3.1125033274292946e-05
        ],
        [
          8,
          5.4750009439885616e-05
        ],
        [
          10,
          0.00010391604155302048
        ],
        [
          12,
          0.0002590419026091695
        ],
        [
          14,
          0.0010045000817626715
        ],
        [
          16,
          0.004650290939025581
        ],
        [
          18,
          0.022727457922883332
        ],
        [
          20,
          0.11264129192568362
        ],
        [
          22,
          0.566360458964482
        ],
        [
          24,
          2.7093102920334786
        ]
      ]
    },
    "random": {
      "qulacs": [
        [
          6,
          0.00011091702617704868
        ],
        [
          8,
          0.00016041705384850502
        ],
        [
          10,
          0.00034725002478808165
        ],
        [
          12,
          0.0010686250170692801
        ],
        [
          14,
          0.0043775830417871475
        ],
        [
          16,
          0.019233791972510517
        ],
        [
          18,
          0.08587541698943824
        ],
        [
          20,
          0.38830925000365824
        ],
        [
          22,
          1.7682649160269648
        ],
        [
          24,
          7.754347582929768
        ]
      ]
    },
    "qaoa": {
      "qulacs": [
        [
          6,
          4.4375075958669186e-05
        ],
        [
          8,
          6.700004450976849e-05
        ],
        [
          10,
          0.00012862496078014374
        ],
        [
          12,
          0.0003352080238983035
        ],
        [
          14,
          0.001369041041471064
        ],
        [
          16,
          0.005957250017672777
        ],
        [
          18,
          0.026483791996724904
        ],
        [
          20,
          0.11849562509451061
        ],
        [
          22,
          0.5484663329552859
        ],
        [
          24,
          2.4259687080048025
        ]
      ]
    }
  }
}