{
  "benchmark": "framework_comparison",
  "config": {
    "qubits": [
      6,
      8,
      10,
      12,
      14,
      16,
      18,
      20,
      22,
      24
    ],
    "circuits": [
      "ghz",
      "qft",
      "random",
      "qaoa"
    ],
    "backends": [
      "qulacs"
    ],
    "reps": 3,
    "double": false,
    "isolate": true,
    "mem_budget_gib": 57.6
  },
  "results": {
    "ghz": {
      "qulacs": [
        [
          6,
          8.457980584353209e-06
        ],
        [
          8,
          6.792019121348858e-06
        ],
        [
          10,
          9.582960046827793e-06
        ],
        [
          12,
          1.7207989003509283e-05
        ],
        [
          14,
          4.962499951943755e-05
        ],
        [
          16,
          0.0001902080257423222
        ],
        [
          18,
          0.0007856659940443933
        ],
        [
          20,
          0.0034538329928182065
        ],
        [
          22,
          0.018616374989505857
        ],
        [
          24,
          0.08008370903553441
        ]
      ]
    },
    "qft": {
      "qulacs": [
        [
          6,
          2.9542017728090286e-05
        ],
        [
          8,
          5.4957985412329435e-05
        ],
        [
          10,
          0.00010424997890368104
        ],
        [
          12,
          0.00025933398865163326
        ],
        [
          14,
          0.0009988750098273158
        ],
        [
          16,
          0.004635458986740559
        ],
        [
          18,
          0.02263074996881187
        ],
        [
          20,
          0.1120365000097081
        ],
        [
          22,
          0.5556418339838274
        ],
        [
          24,
          2.677422625012696
        ]
      ]
    },
    "random": {
      "qulacs": [
        [
          6,
          9.895797120407224e-05
        ],
        [
          8,
          0.00016741594299674034
        ],
        [
          10,
          0.00035099999513477087
        ],
        [
          12,
          0.0010575830237939954
        ],
        [
          14,
          0.004324875015299767
        ],
        [
          16,
          0.019047459005378187
        ],
        [
          18,
          0.0852383750025183
        ],
        [
          20,
          0.3831747499643825
        ],
        [
          22,
          1.7422167090117
        ],
        [
          24,
          7.696642708964646
        ]
      ]
    },
    "qaoa": {
      "qulacs": [
        [
          6,
          4.6083005145192146e-05
        ],
        [
          8,
          6.516597932204604e-05
        ],
        [
          10,
          0.00012174999574199319
        ],
        [
          12,
          0.00032829202245920897
        ],
        [
          14,
          0.001314332999754697
        ],
        [
          16,
          0.005897957948036492
        ],
        [
          18,
          0.026193417026661336
        ],
        [
          20,
          0.11719537497265264
        ],
        [
          22,
          0.5350873330025934
        ],
        [
          24,
          2.393601290998049
        ]
      ]
    }
  }
}